Pos 1,Pos 2,Pos 3,Pos 4,Pos 5,Pos 6,Pos 7,Pos 8,Pos 9,Pos 10,Pos 11,Pos 12,Pos 13,Pos 14,Pos 15,Pos 16,Pos 17,Pos 18,Pos 19,Pos 20,Pos 21,Pos 22,Pos 23,Pos 24,Pos 25,Pos 26,Pos 27,Pos 28,Pos 29,Pos 30,Pos 31,Pos 32,Pos 33,Pos 34,Pos 35,Pos 36,Pos 37,Pos 38,Pos 39,Pos 40,Pos 41,Pos 42,Melhor jogada,NÂº Vitorias
,,,,,,,,,,,,,,,,,,,,,,,,,,,,,,,,,,,,,,,,,,3,18.86178861788618
,,,,,,,,,,,,,,,,,,,,,,,,,,,,,,,,,,,,,,X,,,,3,30.33832501386578
,,,,,,,,,,,,,,,,,,,,,,,,,,,,,,,O,,,,,,,X,,,,2,17.611940298507463
,,,,,,,,,,,,,,,,,,,,,,,,,,,,,,,O,,,,,,X,X,,,,1,56.19019138755981
,,,,,,,,,,,,,,,,,,,,,,,,,,,,,,,O,,,,,O,X,X,,,,2,29.866117404737384
,,,,,,,,,,,,,,,,,,,,,,,,,,,,,,X,O,,,,,O,X,X,,,,2,41.60756501182033
,,,,,,,,,,,,,,,,,,,,,,,O,,,,,,,X,O,,,,,O,X,X,,,,4,43.36391437308868
,,,,,,,,,,,,,,,,,,,,,,,O,,,,,,,X,O,,,,,O,X,X,X,,,5,31.50208623087622
,,,,,,,,,,,,,,,,,,,,,,,O,,,,,,,X,O,,,,,O,X,X,X,O,,4,51.35363790186125
,,,,,,,,,,,,,,,,,,,,,,,O,,,,,,,X,O,X,,,,O,X,X,X,O,,4,20.66744730679157
,,,,,,,,,,,,,,,,,,,,,,,O,,O,,,,,X,O,X,,,,O,X,X,X,O,,4,63.393528969149735
,,,,,,,,,,,,,,,,,,X,,,,,O,,O,,,,,X,O,X,,,,O,X,X,X,O,,3,13.25741297808337
,,,,,,,,,,,,,,,,,,X,,,,,O,O,O,,,,,X,O,X,,,,O,X,X,X,O,,3,73.26447680325093
,,,,,,,,,,,,,,,,,X,X,,,,,O,O,O,,,,,X,O,X,,,,O,X,X,X,O,,3,20.049410870391487
,,,,,,,,,,O,,,,,,,X,X,,,,,O,O,O,,,,,X,O,X,,,,O,X,X,X,O,,3,70.31426953567383
,,,X,,,,,,,O,,,,,,,X,X,,,,,O,O,O,,,,,X,O,X,,,,O,X,X,X,O,,2,10.247395833333334
,,,X,,,,,,,O,,,,,,O,X,X,,,,,O,O,O,,,,,X,O,X,,,,O,X,X,X,O,,2,76.69707254985151
,,,X,,,,,,X,O,,,,,,O,X,X,,,,,O,O,O,,,,,X,O,X,,,,O,X,X,X,O,,4,8.60148514851485
,,,X,,,,,,X,O,O,,,,,O,X,X,,,,,O,O,O,,,,,X,O,X,,,,O,X,X,X,O,,0,76.4032857422257
,,,X,,,,,,X,O,O,,,,,O,X,X,,,,,O,O,O,,,,,X,O,X,,,X,O,X,X,X,O,,1,10.31189766952865
,,,X,,,,,,X,O,O,,,,,O,X,X,,,,,O,O,O,,,,O,X,O,X,,,X,O,X,X,X,O,,1,81.02657386902878
,,,X,,,,,,X,O,O,,,,,O,X,X,,,,X,O,O,O,,,,O,X,O,X,,,X,O,X,X,X,O,,1,14.944267515923567
,,,X,,,,,,X,O,O,,,,O,O,X,X,,,,X,O,O,O,,,,O,X,O,X,,,X,O,X,X,X,O,,0,77.16432380029083
,,,X,,,,,,X,O,O,,,,O,O,X,X,,,,X,O,O,O,,,X,O,X,O,X,,,X,O,X,X,X,O,,1,21.67630057803468
,,,X,,,,,O,X,O,O,,,,O,O,X,X,,,,X,O,O,O,,,X,O,X,O,X,,,X,O,X,X,X,O,,4,75.23457002668503
,,,X,X,,,,O,X,O,O,,,,O,O,X,X,,,,X,O,O,O,,,X,O,X,O,X,,,X,O,X,X,X,O,,2,16.06409533778887
,,O,X,X,,,,O,X,O,O,,,,O,O,X,X,,,,X,O,O,O,,,X,O,X,O,X,,,X,O,X,X,X,O,,6,94.27650141072148
,,O,X,X,,,,O,X,O,O,,,,O,O,X,X,,,,X,O,O,O,,,X,O,X,O,X,,,X,O,X,X,X,O,X,1,3.25578494355392
,O,O,X,X,,,,O,X,O,O,,,,O,O,X,X,,,,X,O,O,O,,,X,O,X,O,X,,,X,O,X,X,X,O,X,6,98.70018889988306
,O,O,X,X,,,,O,X,O,O,,,,O,O,X,X,,,,X,O,O,O,,,X,O,X,O,X,,X,X,O,X,X,X,O,X,5,1.3344135728923414
,O,O,X,X,,,,O,X,O,O,,,,O,O,X,X,,,,X,O,O,O,,,X,O,X,O,X,O,X,X,O,X,X,X,O,X,5,99.0234612423518
,O,O,X,X,,,,O,X,O,O,,,,O,O,X,X,,,,X,O,O,O,X,,X,O,X,O,X,O,X,X,O,X,X,X,O,X,5,1.1236915189062167
,O,O,X,X,,,,O,X,O,O,,,,O,O,X,X,O,,,X,O,O,O,X,,X,O,X,O,X,O,X,X,O,X,X,X,O,X,6,99.13696060037523
,O,O,X,X,,,,O,X,O,O,,,,O,O,X,X,O,,,X,O,O,O,X,X,X,O,X,O,X,O,X,X,O,X,X,X,O,X,6,0.607205505329915
,O,O,X,X,,,,O,X,O,O,,,,O,O,X,X,O,O,,X,O,O,O,X,X,X,O,X,O,X,O,X,X,O,X,X,X,O,X,6,99.5958822528501
,O,O,X,X,,,,O,X,O,O,,X,,O,O,X,X,O,O,,X,O,O,O,X,X,X,O,X,O,X,O,X,X,O,X,X,X,O,X,6,0.468275396557543
,O,O,X,X,,O,,O,X,O,O,,X,,O,O,X,X,O,O,,X,O,O,O,X,X,X,O,X,O,X,O,X,X,O,X,X,X,O,X,0,99.82821149074252
,O,O,X,X,,O,,O,X,O,O,,X,,O,O,X,X,O,O,X,X,O,O,O,X,X,X,O,X,O,X,O,X,X,O,X,X,X,O,X,0,0.07793017456359103
,O,O,X,X,,O,,O,X,O,O,,X,O,O,O,X,X,O,O,X,X,O,O,O,X,X,X,O,X,O,X,O,X,X,O,X,X,X,O,X,5,100.0
,O,O,X,X,,O,,O,X,O,O,X,X,O,O,O,X,X,O,O,X,X,O,O,O,X,X,X,O,X,O,X,O,X,X,O,X,X,X,O,X,0,0.0
,,,,,,,,,,,,,,,,,,,,,,,,,,,,,,,,,,,,,,,,,,3,19.718309859154928
,,,,,,,,,,,,,,,,,,,,,,,,,,,,,,,,,,,,,,X,,,,3,27.07808564231738
,,,,,,,,,,,,,,,,,,,,,,,,,,,,,,,O,,,,,,,X,,,,2,13.924050632911392
,,,,,,,,,,,,,,,,,,,,,,,,,,,,,,,O,,,,,,X,X,,,,1,59.014492753623195
,,,,,,,,,,,,,,,,,,,,,,,,,,,,,,,O,,,,,O,X,X,,,,2,26.73758865248227
,,,,,,,,,,,,,,,,,,,,,,,,,,,,,,X,O,,,,,O,X,X,,,,2,46.22837370242215
,,,,,,,,,,,,,,,,,,,,,,,O,,,,,,,X,O,,,,,O,X,X,,,,4,43.56005788712012
,,,,,,,,,,,,,,,,,,,,,,,O,,,,,,,X,O,,,,,O,X,X,X,,,5,33.634020618556704
,,,,,,,,,,,,,,,,,,,,,,,O,,,,,,,X,O,,,,,O,X,X,X,O,,4,51.268656716417915
,,,,,,,,,,,,,,,,,,,,,,,O,,,,,,,X,O,X,,,,O,X,X,X,O,,4,16.960044705224924
,,,,,,,,,,,,,,,,,,,,,,,O,,O,,,,,X,O,X,,,,O,X,X,X,O,,4,69.66885861906998
,,,,,,,,,,,,,,,,,,X,,,,,O,,O,,,,,X,O,X,,,,O,X,X,X,O,,1,15.188679245283017
,,,,,,,,,,,,,,,,,,X,,,,,O,,O,,,,O,X,O,X,,,,O,X,X,X,O,,1,70.93712930011863
,,,,,,,,,,,,,,,,,,X,,,,X,O,,O,,,,O,X,O,X,,,,O,X,X,X,O,,2,24.316939890710383
,,,,,,,,,,,,,,,,O,,X,,,,X,O,,O,,,,O,X,O,X,,,,O,X,X,X,O,,2,69.75
,,,,,,,,,X,,,,,,,O,,X,,,,X,O,,O,,,,O,X,O,X,,,,O,X,X,X,O,,3,25.056264066016503
,,,,,,,,,X,,,,,,,O,,X,,,,X,O,O,O,,,,O,X,O,X,,,,O,X,X,X,O,,3,68.59264041316979
,,,,,,,,,X,,,,,,,O,X,X,,,,X,O,O,O,,,,O,X,O,X,,,,O,X,X,X,O,,1,28.44190732034923
,,,,,,,,,X,,,,,,O,O,X,X,,,,X,O,O,O,,,,O,X,O,X,,,,O,X,X,X,O,,3,69.19005982512655
,,,,,,,,,X,X,,,,,O,O,X,X,,,,X,O,O,O,,,,O,X,O,X,,,,O,X,X,X,O,,1,23.21845037574501
,,,,,,,,O,X,X,,,,,O,O,X,X,,,,X,O,O,O,,,,O,X,O,X,,,,O,X,X,X,O,,4,81.11579754601227
,,,,,,,,O,X,X,X,,,,O,O,X,X,,,,X,O,O,O,,,,O,X,O,X,,,,O,X,X,X,O,,3,25.17717269675494
,,,O,,,,,O,X,X,X,,,,O,O,X,X,,,,X,O,O,O,,,,O,X,O,X,,,,O,X,X,X,O,,0,74.20821114369501
,,,O,,,,,O,X,X,X,,,,O,O,X,X,,,,X,O,O,O,,,,O,X,O,X,,,X,O,X,X,X,O,,6,32.559817241793915
,,,O,,,,,O,X,X,X,,,,O,O,X,X,,,,X,O,O,O,,,,O,X,O,X,,,X,O,X,X,X,O,O,0,38.27765259135887
,,,O,,,,,O,X,X,X,,,,O,O,X,X,,,,X,O,O,O,,,X,O,X,O,X,,,X,O,X,X,X,O,O,6,82.46731478377473
,,,O,,,,,O,X,X,X,,,,O,O,X,X,,,,X,O,O,O,,,X,O,X,O,X,,O,X,O,X,X,X,O,O,4,8.092406534071491
,,,O,X,,,,O,X,X,X,,,,O,O,X,X,,,,X,O,O,O,,,X,O,X,O,X,,O,X,O,X,X,X,O,O,6,95.03800967519005
,,,O,X,,,,O,X,X,X,,,,O,O,X,X,,,,X,O,O,O,,O,X,O,X,O,X,,O,X,O,X,X,X,O,O,6,2.599246436957353
,,,O,X,,,,O,X,X,X,,,,O,O,X,X,,X,,X,O,O,O,,O,X,O,X,O,X,,O,X,O,X,X,X,O,O,6,97.89725845089167
,,,O,X,,,,O,X,X,X,,O,,O,O,X,X,,X,,X,O,O,O,,O,X,O,X,O,X,,O,X,O,X,X,X,O,O,6,1.222286893486428
,,,O,X,,X,,O,X,X,X,,O,,O,O,X,X,,X,,X,O,O,O,,O,X,O,X,O,X,,O,X,O,X,X,X,O,O,1,99.61872484643084
,O,,O,X,,X,,O,X,X,X,,O,,O,O,X,X,,X,,X,O,O,O,,O,X,O,X,O,X,,O,X,O,X,X,X,O,O,2,0.20480091445989712
,O,X,O,X,,X,,O,X,X,X,,O,,O,O,X,X,,X,,X,O,O,O,,O,X,O,X,O,X,,O,X,O,X,X,X,O,O,5,100.0
,O,X,O,X,,X,,O,X,X,X,,O,,O,O,X,X,,X,,X,O,O,O,,O,X,O,X,O,X,O,O,X,O,X,X,X,O,O,5,0.0
,,,,,,,,,,,,,,,,,,,,,,,,,,,,,,,,,,,,,,,,,,3,18.311533888228297
,,,,,,,,,,,,,,,,,,,,,,,,,,,,,,,,,,,,,,X,,,,3,31.272174353775977
,,,,,,,,,,,,,,,,,,,,,,,,,,,,,,,O,,,,,,,X,,,,2,18.15013404825737
,,,,,,,,,,,,,,,,,,,,,,,,,,,,,,,O,,,,,,X,X,,,,1,56.50696568127761
,,,,,,,,,,,,,,,,,,,,,,,,,,,,,,,O,,,,,O,X,X,,,,2,30.92081691150125
,,,,,,,,,,,,,,,,,,,,,,,,,,,,,,X,O,,,,,O,X,X,,,,2,39.107142857142854
,,,,,,,,,,,,,,,,,,,,,,,O,,,,,,,X,O,,,,,O,X,X,,,,4,43.782117163412124
,,,,,,,,,,,,,,,,,,,,,,,O,,,,,,,X,O,,,,,O,X,X,X,,,5,25.88575560375994
,,,,,,,,,,,,,,,,,,,,,,,O,,,,,,,X,O,,,,,O,X,X,X,O,,4,52.98659081674116
,,,,,,,,,,,,,,,,,,,,,,,O,,,,,,,X,O,X,,,,O,X,X,X,O,,4,16.269210386857445
,,,,,,,,,,,,,,,,,,,,,,,O,,O,,,,,X,O,X,,,,O,X,X,X,O,,4,69.57904300423986
,,,,,,,,,,,,,,,,,,X,,,,,O,,O,,,,,X,O,X,,,,O,X,X,X,O,,3,14.667915885904643
,,,,,,,,,,,,,,,,,,X,,,,,O,O,O,,,,,X,O,X,,,,O,X,X,X,O,,3,72.69513778675515
,,,,,,,,,,,,,,,,,X,X,,,,,O,O,O,,,,,X,O,X,,,,O,X,X,X,O,,3,17.970942710912993
,,,,,,,,,,O,,,,,,,X,X,,,,,O,O,O,,,,,X,O,X,,,,O,X,X,X,O,,2,74.88869584102508
,,,,,,,,,,O,,,,,,X,X,X,,,,,O,O,O,,,,,X,O,X,,,,O,X,X,X,O,,3,16.899538912952355
,,,O,,,,,,,O,,,,,,X,X,X,,,,,O,O,O,,,,,X,O,X,,,,O,X,X,X,O,,6,72.89585645578987
,,,O,,,,,,,O,,,,,,X,X,X,,,,,O,O,O,,,,,X,O,X,,,,O,X,X,X,O,X,4,14.387829912023461
,,,O,,,,,,,O,O,,,,,X,X,X,,,,,O,O,O,,,,,X,O,X,,,,O,X,X,X,O,X,0,83.97435897435898
,,,O,,,,,,,O,O,,,,,X,X,X,,,,,O,O,O,,,,,X,O,X,,,X,O,X,X,X,O,X,5,9.410031388123759
,,,O,,,,,,,O,O,,,,,X,X,X,,,,,O,O,O,,,,,X,O,X,O,,X,O,X,X,X,O,X,5,91.92143467122118
,,,O,,,,,,,O,O,,,,,X,X,X,,,,,O,O,O,X,,,,X,O,X,O,,X,O,X,X,X,O,X,5,9.47818396226415
,,,O,,,,,,,O,O,,,,,X,X,X,O,,,,O,O,O,X,,,,X,O,X,O,,X,O,X,X,X,O,X,2,89.17736701001834
,,,O,,,,,,X,O,O,,,,,X,X,X,O,,,,O,O,O,X,,,,X,O,X,O,,X,O,X,X,X,O,X,2,4.414139601650816
,,O,O,,,,,,X,O,O,,,,,X,X,X,O,,,,O,O,O,X,,,,X,O,X,O,,X,O,X,X,X,O,X,4,96.07944732297064
,,O,O,X,,,,,X,O,O,,,,,X,X,X,O,,,,O,O,O,X,,,,X,O,X,O,,X,O,X,X,X,O,X,5,1.729266868692485
,,O,O,X,,,,,X,O,O,O,,,,X,X,X,O,,,,O,O,O,X,,,,X,O,X,O,,X,O,X,X,X,O,X,0,98.64662392847492
,,O,O,X,,,,,X,O,O,O,,,,X,X,X,O,,,,O,O,O,X,,X,,X,O,X,O,,X,O,X,X,X,O,X,5,0.8575570680885569
,,O,O,X,O,,,,X,O,O,O,,,,X,X,X,O,,,,O,O,O,X,,X,,X,O,X,O,,X,O,X,X,X,O,X,0,99.73486288925508
,,O,O,X,O,,,,X,O,O,O,,,,X,X,X,O,,X,,O,O,O,X,,X,,X,O,X,O,,X,O,X,X,X,O,X,0,0.25050864699898273
,,O,O,X,O,,,,X,O,O,O,,O,,X,X,X,O,,X,,O,O,O,X,,X,,X,O,X,O,,X,O,X,X,X,O,X,0,99.76401506758253
,,O,O,X,O,,X,,X,O,O,O,,O,,X,X,X,O,,X,,O,O,O,X,,X,,X,O,X,O,,X,O,X,X,X,O,X,0,0.16286644951140067
O,,O,O,X,O,,X,,X,O,O,O,,O,,X,X,X,O,,X,,O,O,O,X,,X,,X,O,X,O,,X,O,X,X,X,O,X,6,100.0
O,,O,O,X,O,,X,,X,O,O,O,,O,,X,X,X,O,,X,,O,O,O,X,,X,,X,O,X,O,X,X,O,X,X,X,O,X,6,0.0
,,,,,,,,,,,,,,,,,,,,,,,,,,,,,,,,,,,,,,,,,,3,18.040816326530614
,,,,,,,,,,,,,,,,,,,,,,,,,,,,,,,,,,,,,,X,,,,3,28.39506172839506
,,,,,,,,,,,,,,,,,,,,,,,,,,,,,,,O,,,,,,,X,,,,2,15.210688591983557
,,,,,,,,,,,,,,,,,,,,,,,,,,,,,,,O,,,,,,X,X,,,,1,59.523809523809526
,,,,,,,,,,,,,,,,,,,,,,,,,,,,,,,O,,,,,O,X,X,,,,2,30.011454753722795
,,,,,,,,,,,,,,,,,,,,,,,,,,,,,,X,O,,,,,O,X,X,,,,2,39.8088084670536
,,,,,,,,,,,,,,,,,,,,,,,O,,,,,,,X,O,,,,,O,X,X,,,,4,43.170450173143514
,,,,,,,,,,,,,,,,,,,,,,,O,,,,,,,X,O,,,,,O,X,X,X,,,5,25.134511913912377
,,,,,,,,,,,,,,,,,,,,,,,O,,,,,,,X,O,,,,,O,X,X,X,O,,4,53.595821615106466
,,,,,,,,,,,,,,,,,,,,,,,O,,,,,,,X,O,X,,,,O,X,X,X,O,,4,15.579410955133499
,,,,,,,,,,,,,,,,,,,,,,,O,,O,,,,,X,O,X,,,,O,X,X,X,O,,4,69.64870497171778
,,,,,,,,,,,,,,,,,,X,,,,,O,,O,,,,,X,O,X,,,,O,X,X,X,O,,3,14.36046511627907
,,,,,,,,,,,,,,,,,,X,,,,,O,O,O,,,,,X,O,X,,,,O,X,X,X,O,,3,73.47576422901537
,,,,,,,,,,,,,,,,,X,X,,,,,O,O,O,,,,,X,O,X,,,,O,X,X,X,O,,3,15.10576595018765
,,,,,,,,,,O,,,,,,,X,X,,,,,O,O,O,,,,,X,O,X,,,,O,X,X,X,O,,2,74.95420196931532
,,,,,,,,,,O,,,,,,X,X,X,,,,,O,O,O,,,,,X,O,X,,,,O,X,X,X,O,,3,16.60276598658086
,,,O,,,,,,,O,,,,,,X,X,X,,,,,O,O,O,,,,,X,O,X,,,,O,X,X,X,O,,0,71.18943202481549
,,,O,,,,,,,O,,,,,,X,X,X,,,,,O,O,O,,,,,X,O,X,,,X,O,X,X,X,O,,4,17.262898830974773
,,,O,,,,,,,O,O,,,,,X,X,X,,,,,O,O,O,,,,,X,O,X,,,X,O,X,X,X,O,,2,74.63515676489972
,,,O,,,,,,X,O,O,,,,,X,X,X,,,,,O,O,O,,,,,X,O,X,,,X,O,X,X,X,O,,4,23.41737137437762
,,,O,O,,,,,X,O,O,,,,,X,X,X,,,,,O,O,O,,,,,X,O,X,,,X,O,X,X,X,O,,0,76.3549943246311
,,,O,O,,,,,X,O,O,,,,,X,X,X,,,,,O,O,O,,,X,,X,O,X,,,X,O,X,X,X,O,,0,10.449653462557052
,,,O,O,,,,,X,O,O,,,,,X,X,X,,,O,,O,O,O,,,X,,X,O,X,,,X,O,X,X,X,O,,0,92.00766730560879
,,,O,O,,,,,X,O,O,,,X,,X,X,X,,,O,,O,O,O,,,X,,X,O,X,,,X,O,X,X,X,O,,2,2.5851581508515813
,,O,O,O,,,,,X,O,O,,,X,,X,X,X,,,O,,O,O,O,,,X,,X,O,X,,,X,O,X,X,X,O,,0,98.67761057911537
,,O,O,O,,,X,,X,O,O,,,X,,X,X,X,,,O,,O,O,O,,,X,,X,O,X,,,X,O,X,X,X,O,,0,0.8233570743041876
O,,O,O,O,,,X,,X,O,O,,,X,,X,X,X,,,O,,O,O,O,,,X,,X,O,X,,,X,O,X,X,X,O,,6,99.76257153293558
O,,O,O,O,,,X,,X,O,O,,,X,,X,X,X,,,O,,O,O,O,,,X,,X,O,X,,,X,O,X,X,X,O,X,5,0.29128098906078065
O,,O,O,O,,,X,,X,O,O,,,X,,X,X,X,,,O,,O,O,O,,,X,,X,O,X,O,,X,O,X,X,X,O,X,5,99.92413352499601
O,,O,O,O,,,X,,X,O,O,,,X,,X,X,X,,,O,,O,O,O,X,,X,,X,O,X,O,,X,O,X,X,X,O,X,5,0.08643931754100721
O,,O,O,O,,,X,,X,O,O,,,X,,X,X,X,O,,O,,O,O,O,X,,X,,X,O,X,O,,X,O,X,X,X,O,X,1,100.0
O,,O,O,O,,,X,,X,O,O,,,X,,X,X,X,O,,O,,O,O,O,X,,X,X,X,O,X,O,,X,O,X,X,X,O,X,1,0.0
,,,,,,,,,,,,,,,,,,,,,,,,,,,,,,,,,,,,,,,,,,3,16.35434412265758
,,,,,,,,,,,,,,,,,,,,,,,,,,,,,,,,,,,,,,X,,,,3,28.10060711188205
,,,,,,,,,,,,,,,,,,,,,,,,,,,,,,,O,,,,,,,X,,,,2,15.10219530658592
,,,,,,,,,,,,,,,,,,,,,,,,,,,,,,,O,,,,,,X,X,,,,1,56.79862306368331
,,,,,,,,,,,,,,,,,,,,,,,,,,,,,,,O,,,,,O,X,X,,,,2,30.029368575624083
,,,,,,,,,,,,,,,,,,,,,,,,,,,,,,X,O,,,,,O,X,X,,,,2,40.55787111253607
,,,,,,,,,,,,,,,,,,,,,,,O,,,,,,,X,O,,,,,O,X,X,,,,4,41.93181818181818
,,,,,,,,,,,,,,,,,,,,,,,O,,,,,,,X,O,,,,,O,X,X,X,,,5,25.826053930877325
,,,,,,,,,,,,,,,,,,,,,,,O,,,,,,,X,O,,,,,O,X,X,X,O,,4,53.518752633796886
,,,,,,,,,,,,,,,,,,,,,,,O,,,,,,,X,O,X,,,,O,X,X,X,O,,4,16.99072689201316
,,,,,,,,,,,,,,,,,,,,,,,O,,O,,,,,X,O,X,,,,O,X,X,X,O,,4,67.77813923227066
,,,,,,,,,,,,,,,,,,X,,,,,O,,O,,,,,X,O,X,,,,O,X,X,X,O,,3,14.506880733944955
,,,,,,,,,,,,,,,,,,X,,,,,O,O,O,,,,,X,O,X,,,,O,X,X,X,O,,3,73.63936228697087
,,,,,,,,,,,,,,,,,X,X,,,,,O,O,O,,,,,X,O,X,,,,O,X,X,X,O,,3,18.09683133241488
,,,,,,,,,,O,,,,,,,X,X,,,,,O,O,O,,,,,X,O,X,,,,O,X,X,X,O,,2,73.919677734375
,,,,,,,,,,O,,,,,,X,X,X,,,,,O,O,O,,,,,X,O,X,,,,O,X,X,X,O,,3,17.322983718288526
,,,O,,,,,,,O,,,,,,X,X,X,,,,,O,O,O,,,,,X,O,X,,,,O,X,X,X,O,,6,71.517540852474
,,,O,,,,,,,O,,,,,,X,X,X,,,,,O,O,O,,,,,X,O,X,,,,O,X,X,X,O,X,4,14.468248630992411
,,,O,,,,,,,O,O,,,,,X,X,X,,,,,O,O,O,,,,,X,O,X,,,,O,X,X,X,O,X,2,83.58556461001164
,,,O,,,,,,X,O,O,,,,,X,X,X,,,,,O,O,O,,,,,X,O,X,,,,O,X,X,X,O,X,5,6.726067586656526
,,,O,,,,,,X,O,O,,,,,X,X,X,,,,,O,O,O,,,,,X,O,X,O,,,O,X,X,X,O,X,5,90.48125291707721
,,,O,,,,,,X,O,O,,,,,X,X,X,,,,,O,O,O,X,,,,X,O,X,O,,,O,X,X,X,O,X,5,8.665913165484449
,,,O,,,,,,X,O,O,,,,,X,X,X,O,,,,O,O,O,X,,,,X,O,X,O,,,O,X,X,X,O,X,0,86.98707735882458
,,,O,,,,,,X,O,O,,,,,X,X,X,O,,,,O,O,O,X,,,,X,O,X,O,,X,O,X,X,X,O,X,2,4.549975934541954
,,O,O,,,,,,X,O,O,,,,,X,X,X,O,,,,O,O,O,X,,,,X,O,X,O,,X,O,X,X,X,O,X,4,95.59291853576687
,,O,O,X,,,,,X,O,O,,,,,X,X,X,O,,,,O,O,O,X,,,,X,O,X,O,,X,O,X,X,X,O,X,5,1.9680566693397488
,,O,O,X,,,,,X,O,O,O,,,,X,X,X,O,,,,O,O,O,X,,,,X,O,X,O,,X,O,X,X,X,O,X,0,98.46369941181634
,,O,O,X,,,,,X,O,O,O,,,,X,X,X,O,,,,O,O,O,X,,X,,X,O,X,O,,X,O,X,X,X,O,X,5,0.9287438346101375
,,O,O,X,O,,,,X,O,O,O,,,,X,X,X,O,,,,O,O,O,X,,X,,X,O,X,O,,X,O,X,X,X,O,X,0,99.73169923815833
,,O,O,X,O,,,,X,O,O,O,,,,X,X,X,O,,X,,O,O,O,X,,X,,X,O,X,O,,X,O,X,X,X,O,X,0,0.22170680128248857
,,O,O,X,O,,,,X,O,O,O,,O,,X,X,X,O,,X,,O,O,O,X,,X,,X,O,X,O,,X,O,X,X,X,O,X,0,99.80731042374879
,,O,O,X,O,,X,,X,O,O,O,,O,,X,X,X,O,,X,,O,O,O,X,,X,,X,O,X,O,,X,O,X,X,X,O,X,0,0.13403016160759054
O,,O,O,X,O,,X,,X,O,O,O,,O,,X,X,X,O,,X,,O,O,O,X,,X,,X,O,X,O,,X,O,X,X,X,O,X,6,100.0
O,,O,O,X,O,,X,,X,O,O,O,,O,,X,X,X,O,,X,,O,O,O,X,,X,,X,O,X,O,X,X,O,X,X,X,O,X,6,0.0
,,,,,,,,,,,,,,,,,,,,,,,,,,,,,,,,,,,,,,,,,,3,18.042226487523994
,,,,,,,,,,,,,,,,,,,,,,,,,,,,,,,,,,,,,,X,,,,3,32.11637193382772
,,,,,,,,,,,,,,,,,,,,,,,,,,,,,,,O,,,,,,,X,,,,2,17.714613838644848
,,,,,,,,,,,,,,,,,,,,,,,,,,,,,,,O,,,,,,X,X,,,,1,55.5690440060698
,,,,,,,,,,,,,,,,,,,,,,,,,,,,,,,O,,,,,O,X,X,,,,2,30.319634703196346
,,,,,,,,,,,,,,,,,,,,,,,,,,,,,,X,O,,,,,O,X,X,,,,2,39.03047091412743
,,,,,,,,,,,,,,,,,,,,,,,O,,,,,,,X,O,,,,,O,X,X,,,,4,42.469470827679785
,,,,,,,,,,,,,,,,,,,,,,,O,,,,,,,X,O,,,,,O,X,X,X,,,5,24.600246002460025
,,,,,,,,,,,,,,,,,,,,,,,O,,,,,,,X,O,,,,,O,X,X,X,O,,4,54.793171372291525
,,,,,,,,,,,,,,,,,,,,,,,O,,,,,,,X,O,X,,,,O,X,X,X,O,,4,14.876385336743391
,,,,,,,,,,,,,,,,,,,,,,,O,,O,,,,,X,O,X,,,,O,X,X,X,O,,4,70.27587890625
,,,,,,,,,,,,,,,,,,X,,,,,O,,O,,,,,X,O,X,,,,O,X,X,X,O,,3,15.97616345062429
,,,,,,,,,,,,,,,,,,X,,,,,O,O,O,,,,,X,O,X,,,,O,X,X,X,O,,3,72.47213375796179
,,,,,,,,,,,,,,,,,X,X,,,,,O,O,O,,,,,X,O,X,,,,O,X,X,X,O,,3,14.821724709784412
,,,,,,,,,,O,,,,,,,X,X,,,,,O,O,O,,,,,X,O,X,,,,O,X,X,X,O,,2,74.95668824655786
,,,,,,,,,,O,,,,,,X,X,X,,,,,O,O,O,,,,,X,O,X,,,,O,X,X,X,O,,3,16.582094961942733
,,,O,,,,,,,O,,,,,,X,X,X,,,,,O,O,O,,,,,X,O,X,,,,O,X,X,X,O,,6,72.85375702247191
,,,O,,,,,,,O,,,,,,X,X,X,,,,,O,O,O,,,,,X,O,X,,,,O,X,X,X,O,X,4,14.238241308793457
,,,O,,,,,,,O,O,,,,,X,X,X,,,,,O,O,O,,,,,X,O,X,,,,O,X,X,X,O,X,0,84.26988523941432
,,,O,,,,,,,O,O,,,,,X,X,X,,,,,O,O,O,,,,,X,O,X,,,X,O,X,X,X,O,X,5,9.302762638601767
,,,O,,,,,,,O,O,,,,,X,X,X,,,,,O,O,O,,,,,X,O,X,O,,X,O,X,X,X,O,X,5,92.70708880923935
,,,O,,,,,,,O,O,,,,,X,X,X,,,,,O,O,O,X,,,,X,O,X,O,,X,O,X,X,X,O,X,5,9.02895302565979
,,,O,,,,,,,O,O,,,,,X,X,X,O,,,,O,O,O,X,,,,X,O,X,O,,X,O,X,X,X,O,X,2,89.87287293915116
,,,O,,,,,,X,O,O,,,,,X,X,X,O,,,,O,O,O,X,,,,X,O,X,O,,X,O,X,X,X,O,X,2,4.267972712961344
,,O,O,,,,,,X,O,O,,,,,X,X,X,O,,,,O,O,O,X,,,,X,O,X,O,,X,O,X,X,X,O,X,4,96.27629811996418
,,O,O,X,,,,,X,O,O,,,,,X,X,X,O,,,,O,O,O,X,,,,X,O,X,O,,X,O,X,X,X,O,X,5,1.6901708832075923
,,O,O,X,,,,,X,O,O,O,,,,X,X,X,O,,,,O,O,O,X,,,,X,O,X,O,,X,O,X,X,X,O,X,0,98.64655258681077
,,O,O,X,,,,,X,O,O,O,,,,X,X,X,O,,,,O,O,O,X,,X,,X,O,X,O,,X,O,X,X,X,O,X,5,0.8073402748105337
,,O,O,X,O,,,,X,O,O,O,,,,X,X,X,O,,,,O,O,O,X,,X,,X,O,X,O,,X,O,X,X,X,O,X,0,99.74187887691805
,,O,O,X,O,,,,X,O,O,O,,,,X,X,X,O,,X,,O,O,O,X,,X,,X,O,X,O,,X,O,X,X,X,O,X,0,0.2386021584318332
,,O,O,X,O,,,,X,O,O,O,,O,,X,X,X,O,,X,,O,O,O,X,,X,,X,O,X,O,,X,O,X,X,X,O,X,0,99.78560166134677
,,O,O,X,O,,X,,X,O,O,O,,O,,X,X,X,O,,X,,O,O,O,X,,X,,X,O,X,O,,X,O,X,X,X,O,X,0,0.1387834977435201
O,,O,O,X,O,,X,,X,O,O,O,,O,,X,X,X,O,,X,,O,O,O,X,,X,,X,O,X,O,,X,O,X,X,X,O,X,1,100.0
O,,O,O,X,O,,X,,X,O,O,O,,O,,X,X,X,O,,X,,O,O,O,X,,X,X,X,O,X,O,,X,O,X,X,X,O,X,1,0.0
,,,,,,,,,,,,,,,,,,,,,,,,,,,,,,,,,,,,,,,,,,3,18.417462482946796
,,,,,,,,,,,,,,,,,,,,,,,,,,,,,,,,,,,,,,X,,,,3,30.378973105134477
,,,,,,,,,,,,,,,,,,,,,,,,,,,,,,,O,,,,,,,X,,,,2,15.658914728682172
,,,,,,,,,,,,,,,,,,,,,,,,,,,,,,,O,,,,,,X,X,,,,1,56.70967741935484
,,,,,,,,,,,,,,,,,,,,,,,,,,,,,,,O,,,,,O,X,X,,,,2,29.781325928497047
,,,,,,,,,,,,,,,,,,,,,,,,,,,,,,X,O,,,,,O,X,X,,,,2,39.83156581409856
,,,,,,,,,,,,,,,,,,,,,,,O,,,,,,,X,O,,,,,O,X,X,,,,3,41.681199860481335
,,,,,,,,,,,,,,,,,,,,,,,O,X,,,,,,X,O,,,,,O,X,X,,,,4,54.81291973137192
,,,,,,,,,,,,,,,,,,,,,,,O,X,,,,,,X,O,,,,,O,X,X,O,,,2,28.192890059249503
,,,,,,,,,,,,,,,,X,,,,,,,O,X,,,,,,X,O,,,,,O,X,X,O,,,4,57.26518597805727
,,,,,,,,,,,,,,,,X,,,,,,,O,X,,,,,,X,O,O,,,,O,X,X,O,,,3,31.685527099463968
,,,,,,,,,,,,,,,,X,X,,,,,,O,X,,,,,,X,O,O,,,,O,X,X,O,,,3,66.37842289479103
,,,,,,,,,,O,,,,,,X,X,,,,,,O,X,,,,,,X,O,O,,,,O,X,X,O,,,2,41.165374135401386
,,,,,,,,,X,O,,,,,,X,X,,,,,,O,X,,,,,,X,O,O,,,,O,X,X,O,,,3,58.54949708840657
,,,O,,,,,,X,O,,,,,,X,X,,,,,,O,X,,,,,,X,O,O,,,,O,X,X,O,,,0,48.33702882483371
,,,O,,,,,,X,O,,,,,,X,X,,,,,,O,X,,,,,,X,O,O,,,X,O,X,X,O,,,2,55.979112271540465
,,O,O,,,,,,X,O,,,,,,X,X,,,,,,O,X,,,,,,X,O,O,,,X,O,X,X,O,,,0,48.27634139560745
,,O,O,,,,,,X,O,,,,,,X,X,,,,,,O,X,,,,X,,X,O,O,,,X,O,X,X,O,,,1,46.473240874670296
,,O,O,,,,,,X,O,,,,,,X,X,,,,,,O,X,,,,X,O,X,O,O,,,X,O,X,X,O,,,4,55.50455085081124
,,O,O,,,,,,X,O,,,,,,X,X,,,,,,O,X,X,,,X,O,X,O,O,,,X,O,X,X,O,,,4,35.46415044188983
,,O,O,,,,,,X,O,,,,,,X,X,O,,,,,O,X,X,,,X,O,X,O,O,,,X,O,X,X,O,,,6,67.90478380864765
,,O,O,,,,,,X,O,,,,,,X,X,O,,,,,O,X,X,,,X,O,X,O,O,,,X,O,X,X,O,,X,6,18.940092165898616
,,O,O,,,,,,X,O,,,,,,X,X,O,,,,,O,X,X,,,X,O,X,O,O,,O,X,O,X,X,O,,X,0,83.45077511576405
,,O,O,,,,,,X,O,,,,,,X,X,O,,,X,,O,X,X,,,X,O,X,O,O,,O,X,O,X,X,O,,X,0,9.471654173640928
,,O,O,,,,,,X,O,,,,O,,X,X,O,,,X,,O,X,X,,,X,O,X,O,O,,O,X,O,X,X,O,,X,6,91.2876254180602
,,O,O,,,,,,X,O,,,,O,,X,X,O,,,X,,O,X,X,,X,X,O,X,O,O,,O,X,O,X,X,O,,X,6,5.195465557981635
,,O,O,,,,,,X,O,,,,O,,X,X,O,,O,X,,O,X,X,,X,X,O,X,O,O,,O,X,O,X,X,O,,X,4,96.13964417589796
,,O,O,,,,,,X,O,X,,,O,,X,X,O,,O,X,,O,X,X,,X,X,O,X,O,O,,O,X,O,X,X,O,,X,4,1.8844221105527637
,,O,O,O,,,,,X,O,X,,,O,,X,X,O,,O,X,,O,X,X,,X,X,O,X,O,O,,O,X,O,X,X,O,,X,6,99.09575194645541
,,O,O,O,,,,,X,O,X,,X,O,,X,X,O,,O,X,,O,X,X,,X,X,O,X,O,O,,O,X,O,X,X,O,,X,6,0.5370955721738236
,,O,O,O,,O,,,X,O,X,,X,O,,X,X,O,,O,X,,O,X,X,,X,X,O,X,O,O,,O,X,O,X,X,O,,X,0,99.88086296651213
,,O,O,O,,O,X,,X,O,X,,X,O,,X,X,O,,O,X,,O,X,X,,X,X,O,X,O,O,,O,X,O,X,X,O,,X,0,0.13224597751818382
O,,O,O,O,,O,X,,X,O,X,,X,O,,X,X,O,,O,X,,O,X,X,,X,X,O,X,O,O,,O,X,O,X,X,O,,X,5,100.0
O,,O,O,O,,O,X,,X,O,X,,X,O,,X,X,O,,O,X,,O,X,X,,X,X,O,X,O,O,,O,X,O,X,X,O,X,X,5,0.0
,,,,,,,,,,,,,,,,,,,,,,,,,,,,,,,,,,,,,,,,,,3,19.25872093023256
,,,,,,,,,,,,,,,,,,,,,,,,,,,,,,,,,,,,,,X,,,,3,31.272539927872227
,,,,,,,,,,,,,,,,,,,,,,,,,,,,,,,O,,,,,,,X,,,,2,15.257192676547515
,,,,,,,,,,,,,,,,,,,,,,,,,,,,,,,O,,,,,,X,X,,,,1,56.76829268292683
,,,,,,,,,,,,,,,,,,,,,,,,,,,,,,,O,,,,,O,X,X,,,,2,29.966203529853548
,,,,,,,,,,,,,,,,,,,,,,,,,,,,,,X,O,,,,,O,X,X,,,,2,39.83160621761658
,,,,,,,,,,,,,,,,,,,,,,,O,,,,,,,X,O,,,,,O,X,X,,,,4,42.65060240963855
,,,,,,,,,,,,,,,,,,,,,,,O,,,,,,,X,O,,,,,O,X,X,X,,,5,24.1801921165949
,,,,,,,,,,,,,,,,,,,,,,,O,,,,,,,X,O,,,,,O,X,X,X,O,,4,55.96148399886718
,,,,,,,,,,,,,,,,,,,,,,,O,,,,,,,X,O,X,,,,O,X,X,X,O,,4,13.353508606014753
,,,,,,,,,,,,,,,,,,,,,,,O,,O,,,,,X,O,X,,,,O,X,X,X,O,,4,71.0696413678065
,,,,,,,,,,,,,,,,,,X,,,,,O,,O,,,,,X,O,X,,,,O,X,X,X,O,,2,15.110125858123569
,,,,,,,,,,,,,,,,O,,X,,,,,O,,O,,,,,X,O,X,,,,O,X,X,X,O,,2,78.00763844684914
,,,,,,,,,X,,,,,,,O,,X,,,,,O,,O,,,,,X,O,X,,,,O,X,X,X,O,,3,13.835616438356164
,,,,,,,,,X,,,,,,,O,,X,,,,,O,O,O,,,,,X,O,X,,,,O,X,X,X,O,,3,81.63912016900709
,,,,,,,,,X,,,,,,,O,X,X,,,,,O,O,O,,,,,X,O,X,,,,O,X,X,X,O,,3,13.16114245416079
,,,,,,,,,X,O,,,,,,O,X,X,,,,,O,O,O,,,,,X,O,X,,,,O,X,X,X,O,,3,80.9598462627693
,,,X,,,,,,X,O,,,,,,O,X,X,,,,,O,O,O,,,,,X,O,X,,,,O,X,X,X,O,,4,9.818711967545639
,,,X,,,,,,X,O,O,,,,,O,X,X,,,,,O,O,O,,,,,X,O,X,,,,O,X,X,X,O,,0,75.9878787878788
,,,X,,,,,,X,O,O,,,,,O,X,X,,,,,O,O,O,,,,,X,O,X,,,X,O,X,X,X,O,,1,10.913602342987309
,,,X,,,,,,X,O,O,,,,,O,X,X,,,,,O,O,O,,,,O,X,O,X,,,X,O,X,X,X,O,,1,79.32831726624343
,,,X,,,,,,X,O,O,,,,,O,X,X,,,,X,O,O,O,,,,O,X,O,X,,,X,O,X,X,X,O,,1,22.175987278028096
,,,X,,,,,,X,O,O,,,,O,O,X,X,,,,X,O,O,O,,,,O,X,O,X,,,X,O,X,X,X,O,,2,74.52580007191658
,,X,X,,,,,,X,O,O,,,,O,O,X,X,,,,X,O,O,O,,,,O,X,O,X,,,X,O,X,X,X,O,,1,25.51527841392397
,,X,X,,,,,O,X,O,O,,,,O,O,X,X,,,,X,O,O,O,,,,O,X,O,X,,,X,O,X,X,X,O,,0,79.42533229085223
,,X,X,,,,,O,X,O,O,,,,O,O,X,X,,,,X,O,O,O,,,X,O,X,O,X,,,X,O,X,X,X,O,,1,7.302128276712229
,O,X,X,,,,,O,X,O,O,,,,O,O,X,X,,,,X,O,O,O,,,X,O,X,O,X,,,X,O,X,X,X,O,,6,96.22181596587447
,O,X,X,,,,,O,X,O,O,,,,O,O,X,X,,,,X,O,O,O,,,X,O,X,O,X,,,X,O,X,X,X,O,X,4,1.7812773403324587
,O,X,X,O,,,,O,X,O,O,,,,O,O,X,X,,,,X,O,O,O,,,X,O,X,O,X,,,X,O,X,X,X,O,X,6,98.91565388254129
,O,X,X,O,,,,O,X,O,O,,,,O,O,X,X,,,,X,O,O,O,,,X,O,X,O,X,,X,X,O,X,X,X,O,X,5,0.9456339542680035
,O,X,X,O,,,,O,X,O,O,,,,O,O,X,X,,,,X,O,O,O,,,X,O,X,O,X,O,X,X,O,X,X,X,O,X,5,99.21743813959382
,O,X,X,O,,,,O,X,O,O,,,,O,O,X,X,,,,X,O,O,O,X,,X,O,X,O,X,O,X,X,O,X,X,X,O,X,5,0.8068684316315398
,O,X,X,O,,,,O,X,O,O,,,,O,O,X,X,O,,,X,O,O,O,X,,X,O,X,O,X,O,X,X,O,X,X,X,O,X,6,99.41017095451603
,O,X,X,O,,,,O,X,O,O,,,,O,O,X,X,O,,,X,O,O,O,X,X,X,O,X,O,X,O,X,X,O,X,X,X,O,X,6,0.3996824440855211
,O,X,X,O,,,,O,X,O,O,,,,O,O,X,X,O,O,,X,O,O,O,X,X,X,O,X,O,X,O,X,X,O,X,X,X,O,X,6,99.73773799016517
,O,X,X,O,,,,O,X,O,O,,X,,O,O,X,X,O,O,,X,O,O,O,X,X,X,O,X,O,X,O,X,X,O,X,X,X,O,X,6,0.25846739175385636
,O,X,X,O,,O,,O,X,O,O,,X,,O,O,X,X,O,O,,X,O,O,O,X,X,X,O,X,O,X,O,X,X,O,X,X,X,O,X,0,99.92728726981876
,O,X,X,O,,O,,O,X,O,O,,X,,O,O,X,X,O,O,X,X,O,O,O,X,X,X,O,X,O,X,O,X,X,O,X,X,X,O,X,0,0.03254871210664142
,O,X,X,O,,O,,O,X,O,O,,X,O,O,O,X,X,O,O,X,X,O,O,O,X,X,X,O,X,O,X,O,X,X,O,X,X,X,O,X,0,100.0
,O,X,X,O,,O,X,O,X,O,O,,X,O,O,O,X,X,O,O,X,X,O,O,O,X,X,X,O,X,O,X,O,X,X,O,X,X,X,O,X,0,0.0
,,,,,,,,,,,,,,,,,,,,,,,,,,,,,,,,,,,,,,,,,,3,17.32473811442385
,,,,,,,,,,,,,,,,,,,,,,,,,,,,,,,,,,,,,,X,,,,3,31.025473546701505
,,,,,,,,,,,,,,,,,,,,,,,,,,,,,,,O,,,,,,,X,,,,2,15.336134453781513
,,,,,,,,,,,,,,,,,,,,,,,,,,,,,,,O,,,,,,X,X,,,,1,56.19781631342325
,,,,,,,,,,,,,,,,,,,,,,,,,,,,,,,O,,,,,O,X,X,,,,2,30.3639846743295
,,,,,,,,,,,,,,,,,,,,,,,,,,,,,,X,O,,,,,O,X,X,,,,2,38.33435394978567
,,,,,,,,,,,,,,,,,,,,,,,O,,,,,,,X,O,,,,,O,X,X,,,,4,40.97043701799486
,,,,,,,,,,,,,,,,,,,,,,,O,,,,,,,X,O,,,,,O,X,X,X,,,5,24.561403508771928
,,,,,,,,,,,,,,,,,,,,,,,O,,,,,,,X,O,,,,,O,X,X,X,O,,4,54.91803278688525
,,,,,,,,,,,,,,,,,,,,,,,O,,,,,,,X,O,X,,,,O,X,X,X,O,,4,14.328938837259564
,,,,,,,,,,,,,,,,,,,,,,,O,,O,,,,,X,O,X,,,,O,X,X,X,O,,4,70.59187716691432
,,,,,,,,,,,,,,,,,,X,,,,,O,,O,,,,,X,O,X,,,,O,X,X,X,O,,1,15.794456877259424
,,,,,,,,,,,,,,,,,,X,,,,,O,,O,,,,O,X,O,X,,,,O,X,X,X,O,,1,71.26155993718373
,,,,,,,,,,,,,,,,,,X,,,,X,O,,O,,,,O,X,O,X,,,,O,X,X,X,O,,2,20.88088088088088
,,,,,,,,,,,,,,,,O,,X,,,,X,O,,O,,,,O,X,O,X,,,,O,X,X,X,O,,2,65.66935708321738
,,,,,,,,,X,,,,,,,O,,X,,,,X,O,,O,,,,O,X,O,X,,,,O,X,X,X,O,,3,25.86687306501548
,,,,,,,,,X,,,,,,,O,,X,,,,X,O,O,O,,,,O,X,O,X,,,,O,X,X,X,O,,3,72.53826822024217
,,,,,,,,,X,,,,,,,O,X,X,,,,X,O,O,O,,,,O,X,O,X,,,,O,X,X,X,O,,1,20.54551895147007
,,,,,,,,,X,,,,,,O,O,X,X,,,,X,O,O,O,,,,O,X,O,X,,,,O,X,X,X,O,,3,75.57697184884606
,,,,,,,,,X,X,,,,,O,O,X,X,,,,X,O,O,O,,,,O,X,O,X,,,,O,X,X,X,O,,1,22.71201952410006
,,,,,,,,O,X,X,,,,,O,O,X,X,,,,X,O,O,O,,,,O,X,O,X,,,,O,X,X,X,O,,4,79.09391534391534
,,,,,,,,O,X,X,X,,,,O,O,X,X,,,,X,O,O,O,,,,O,X,O,X,,,,O,X,X,X,O,,6,25.170357751277685
,,,,,,,,O,X,X,X,,,,O,O,X,X,,,,X,O,O,O,,,,O,X,O,X,,,,O,X,X,X,O,O,0,74.44433063607498
,,,,,,,,O,X,X,X,,,,O,O,X,X,,,,X,O,O,O,,,,O,X,O,X,,,X,O,X,X,X,O,O,6,27.68284347231716
,,,,,,,,O,X,X,X,,,,O,O,X,X,,,,X,O,O,O,,,,O,X,O,X,,O,X,O,X,X,X,O,O,6,53.357712765957444
,,,,,,,,O,X,X,X,,,,O,O,X,X,,,,X,O,O,O,,X,,O,X,O,X,,O,X,O,X,X,X,O,O,6,59.84917043740573
,,,,,,,,O,X,X,X,,,,O,O,X,X,,O,,X,O,O,O,,X,,O,X,O,X,,O,X,O,X,X,X,O,O,6,19.43069306930693
,,,,,,,,O,X,X,X,,X,,O,O,X,X,,O,,X,O,O,O,,X,,O,X,O,X,,O,X,O,X,X,X,O,O,2,84.36605554266265
,,O,,,,,,O,X,X,X,,X,,O,O,X,X,,O,,X,O,O,O,,X,,O,X,O,X,,O,X,O,X,X,X,O,O,3,5.405809562974317
,,O,X,,,,,O,X,X,X,,X,,O,O,X,X,,O,,X,O,O,O,,X,,O,X,O,X,,O,X,O,X,X,X,O,O,0,96.01559265903133
,,O,X,,,,,O,X,X,X,,X,,O,O,X,X,,O,,X,O,O,O,,X,O,O,X,O,X,,O,X,O,X,X,X,O,O,6,1.342809705513967
,,O,X,,,X,,O,X,X,X,,X,,O,O,X,X,,O,,X,O,O,O,,X,O,O,X,O,X,,O,X,O,X,X,X,O,O,1,99.51773921056673
,O,O,X,,,X,,O,X,X,X,,X,,O,O,X,X,,O,,X,O,O,O,,X,O,O,X,O,X,,O,X,O,X,X,X,O,O,4,0.18777689757357038
,O,O,X,X,,X,,O,X,X,X,,X,,O,O,X,X,,O,,X,O,O,O,,X,O,O,X,O,X,,O,X,O,X,X,X,O,O,5,99.95088789515859
,O,O,X,X,,X,,O,X,X,X,,X,,O,O,X,X,,O,,X,O,O,O,,X,O,O,X,O,X,O,O,X,O,X,X,X,O,O,5,0.04283091984499286
,O,O,X,X,,X,,O,X,X,X,,X,,O,O,X,X,,O,,X,O,O,O,X,X,O,O,X,O,X,O,O,X,O,X,X,X,O,O,5,100.0
,O,O,X,X,,X,,O,X,X,X,,X,,O,O,X,X,O,O,,X,O,O,O,X,X,O,O,X,O,X,O,O,X,O,X,X,X,O,O,5,0.0
,,,,,,,,,,,,,,,,,,,,,,,,,,,,,,,,,,,,,,,,,,3,18.327974276527332
,,,,,,,,,,,,,,,,,,,,,,,,,,,,,,,,,,,,,,X,,,,3,28.634361233480178
,,,,,,,,,,,,,,,,,,,,,,,,,,,,,,,O,,,,,,,X,,,,2,16.187175043327557
,,,,,,,,,,,,,,,,,,,,,,,,,,,,,,,O,,,,,,X,X,,,,1,54.22208475100526
,,,,,,,,,,,,,,,,,,,,,,,,,,,,,,,O,,,,,O,X,X,,,,2,31.694495980210263
,,,,,,,,,,,,,,,,,,,,,,,,,,,,,,X,O,,,,,O,X,X,,,,2,39.24290220820189
,,,,,,,,,,,,,,,,,,,,,,,O,,,,,,,X,O,,,,,O,X,X,,,,4,42.71304347826087
,,,,,,,,,,,,,,,,,,,,,,,O,,,,,,,X,O,,,,,O,X,X,X,,,5,24.395003903200625
,,,,,,,,,,,,,,,,,,,,,,,O,,,,,,,X,O,,,,,O,X,X,X,O,,4,53.82803297997645
,,,,,,,,,,,,,,,,,,,,,,,O,,,,,,,X,O,X,,,,O,X,X,X,O,,4,16.978736908917806
,,,,,,,,,,,,,,,,,,,,,,,O,,O,,,,,X,O,X,,,,O,X,X,X,O,,4,69.34636708491392
,,,,,,,,,,,,,,,,,,X,,,,,O,,O,,,,,X,O,X,,,,O,X,X,X,O,,3,15.076958955223882
,,,,,,,,,,,,,,,,,,X,,,,,O,O,O,,,,,X,O,X,,,,O,X,X,X,O,,3,74.15160457395795
,,,,,,,,,,,,,,,,,X,X,,,,,O,O,O,,,,,X,O,X,,,,O,X,X,X,O,,3,18.650943396226417
,,,,,,,,,,O,,,,,,,X,X,,,,,O,O,O,,,,,X,O,X,,,,O,X,X,X,O,,2,73.75786795232355
,,,,,,,,,,O,,,,,,X,X,X,,,,,O,O,O,,,,,X,O,X,,,,O,X,X,X,O,,3,15.224598044090834
,,,O,,,,,,,O,,,,,,X,X,X,,,,,O,O,O,,,,,X,O,X,,,,O,X,X,X,O,,6,70.63276397515527
,,,O,,,,,,,O,,,,,,X,X,X,,,,,O,O,O,,,,,X,O,X,,,,O,X,X,X,O,X,4,16.179962013295345
,,,O,,,,,,,O,O,,,,,X,X,X,,,,,O,O,O,,,,,X,O,X,,,,O,X,X,X,O,X,2,82.69022719076811
,,,O,,,,,,X,O,O,,,,,X,X,X,,,,,O,O,O,,,,,X,O,X,,,,O,X,X,X,O,X,5,7.740482724649919
,,,O,,,,,,X,O,O,,,,,X,X,X,,,,,O,O,O,,,,,X,O,X,O,,,O,X,X,X,O,X,5,89.32882848682712
,,,O,,,,,,X,O,O,,,,,X,X,X,,,,,O,O,O,X,,,,X,O,X,O,,,O,X,X,X,O,X,5,8.938504720591988
,,,O,,,,,,X,O,O,,,,,X,X,X,O,,,,O,O,O,X,,,,X,O,X,O,,,O,X,X,X,O,X,0,85.08299913701202
,,,O,,,,,,X,O,O,,,,,X,X,X,O,,,,O,O,O,X,,,,X,O,X,O,,X,O,X,X,X,O,X,2,5.911093661388126
,,O,O,,,,,,X,O,O,,,,,X,X,X,O,,,,O,O,O,X,,,,X,O,X,O,,X,O,X,X,X,O,X,4,94.75818628931361
,,O,O,X,,,,,X,O,O,,,,,X,X,X,O,,,,O,O,O,X,,,,X,O,X,O,,X,O,X,X,X,O,X,5,2.2192544876075257
,,O,O,X,,,,,X,O,O,O,,,,X,X,X,O,,,,O,O,O,X,,,,X,O,X,O,,X,O,X,X,X,O,X,0,98.26600123857054
,,O,O,X,,,,,X,O,O,O,,,,X,X,X,O,,,,O,O,O,X,,X,,X,O,X,O,,X,O,X,X,X,O,X,5,1.0625437424444868
,,O,O,X,O,,,,X,O,O,O,,,,X,X,X,O,,,,O,O,O,X,,X,,X,O,X,O,,X,O,X,X,X,O,X,0,99.66232721211598
,,O,O,X,O,,,,X,O,O,O,,,,X,X,X,O,,X,,O,O,O,X,,X,,X,O,X,O,,X,O,X,X,X,O,X,0,0.2903441566338319
,,O,O,X,O,,,,X,O,O,O,,O,,X,X,X,O,,X,,O,O,O,X,,X,,X,O,X,O,,X,O,X,X,X,O,X,0,99.76125668942609
,,O,O,X,O,,X,,X,O,O,O,,O,,X,X,X,O,,X,,O,O,O,X,,X,,X,O,X,O,,X,O,X,X,X,O,X,0,0.1587007390589162
O,,O,O,X,O,,X,,X,O,O,O,,O,,X,X,X,O,,X,,O,O,O,X,,X,,X,O,X,O,,X,O,X,X,X,O,X,1,100.0
O,,O,O,X,O,,X,,X,O,O,O,,O,,X,X,X,O,,X,,O,O,O,X,,X,X,X,O,X,O,,X,O,X,X,X,O,X,1,0.0
,,,,,,,,,,,,,,,,,,,,,,,,,,,,,,,,,,,,,,,,,,3,18.29176114890401
,,,,,,,,,,,,,,,,,,,,,,,,,,,,,,,,,,,,,,X,,,,3,28.093158660844253
,,,,,,,,,,,,,,,,,,,,,,,,,,,,,,,O,,,,,,,X,,,,2,13.510880155894773
,,,,,,,,,,,,,,,,,,,,,,,,,,,,,,,O,,,,,,X,X,,,,1,60.58937823834197
,,,,,,,,,,,,,,,,,,,,,,,,,,,,,,,O,,,,,O,X,X,,,,2,29.838985954093864
,,,,,,,,,,,,,,,,,,,,,,,,,,,,,,X,O,,,,,O,X,X,,,,2,40.42712626451855
,,,,,,,,,,,,,,,,,,,,,,,O,,,,,,,X,O,,,,,O,X,X,,,,4,42.058596761757904
,,,,,,,,,,,,,,,,,,,,,,,O,,,,,,,X,O,,,,,O,X,X,X,,,5,26.38533674339301
,,,,,,,,,,,,,,,,,,,,,,,O,,,,,,,X,O,,,,,O,X,X,X,O,,4,53.06623058053965
,,,,,,,,,,,,,,,,,,,,,,,O,,,,,,,X,O,X,,,,O,X,X,X,O,,4,15.986490289895864
,,,,,,,,,,,,,,,,,,,,,,,O,,O,,,,,X,O,X,,,,O,X,X,X,O,,4,69.46428571428571
,,,,,,,,,,,,,,,,,,X,,,,,O,,O,,,,,X,O,X,,,,O,X,X,X,O,,3,14.643705463182899
,,,,,,,,,,,,,,,,,,X,,,,,O,O,O,,,,,X,O,X,,,,O,X,X,X,O,,3,72.82702609296699
,,,,,,,,,,,,,,,,,X,X,,,,,O,O,O,,,,,X,O,X,,,,O,X,X,X,O,,3,16.36234530330696
,,,,,,,,,,O,,,,,,,X,X,,,,,O,O,O,,,,,X,O,X,,,,O,X,X,X,O,,2,73.4684131532269
,,,,,,,,,,O,,,,,,X,X,X,,,,,O,O,O,,,,,X,O,X,,,,O,X,X,X,O,,3,16.106327729943967
,,,O,,,,,,,O,,,,,,X,X,X,,,,,O,O,O,,,,,X,O,X,,,,O,X,X,X,O,,6,71.0057366044184
,,,O,,,,,,,O,,,,,,X,X,X,,,,,O,O,O,,,,,X,O,X,,,,O,X,X,X,O,X,4,15.17310336207974
,,,O,,,,,,,O,O,,,,,X,X,X,,,,,O,O,O,,,,,X,O,X,,,,O,X,X,X,O,X,2,82.86253970979651
,,,O,,,,,,X,O,O,,,,,X,X,X,,,,,O,O,O,,,,,X,O,X,,,,O,X,X,X,O,X,5,7.8088134561229925
,,,O,,,,,,X,O,O,,,,,X,X,X,,,,,O,O,O,,,,,X,O,X,O,,,O,X,X,X,O,X,5,89.69561489465949
,,,O,,,,,,X,O,O,,,,,X,X,X,,,,,O,O,O,X,,,,X,O,X,O,,,O,X,X,X,O,X,5,8.647291941875826
,,,O,,,,,,X,O,O,,,,,X,X,X,O,,,,O,O,O,X,,,,X,O,X,O,,,O,X,X,X,O,X,0,85.97742246504902
,,,O,,,,,,X,O,O,,,,,X,X,X,O,,,,O,O,O,X,,,,X,O,X,O,,X,O,X,X,X,O,X,2,6.33596185585916
,,O,O,,,,,,X,O,O,,,,,X,X,X,O,,,,O,O,O,X,,,,X,O,X,O,,X,O,X,X,X,O,X,4,95.20113728051639
,,O,O,X,,,,,X,O,O,,,,,X,X,X,O,,,,O,O,O,X,,,,X,O,X,O,,X,O,X,X,X,O,X,5,2.0738749863799804
,,O,O,X,,,,,X,O,O,O,,,,X,X,X,O,,,,O,O,O,X,,,,X,O,X,O,,X,O,X,X,X,O,X,0,98.50219505896531
,,O,O,X,,,,,X,O,O,O,,,,X,X,X,O,,,,O,O,O,X,,X,,X,O,X,O,,X,O,X,X,X,O,X,5,1.02549889135255
,,O,O,X,O,,,,X,O,O,O,,,,X,X,X,O,,,,O,O,O,X,,X,,X,O,X,O,,X,O,X,X,X,O,X,0,99.63445246313147
,,O,O,X,O,,,,X,O,O,O,,,,X,X,X,O,,X,,O,O,O,X,,X,,X,O,X,O,,X,O,X,X,X,O,X,0,0.2871065863802843
,,O,O,X,O,,,,X,O,O,O,,O,,X,X,X,O,,X,,O,O,O,X,,X,,X,O,X,O,,X,O,X,X,X,O,X,0,99.79576230089155
,,O,O,X,O,,X,,X,O,O,O,,O,,X,X,X,O,,X,,O,O,O,X,,X,,X,O,X,O,,X,O,X,X,X,O,X,0,0.12538237177207087
O,,O,O,X,O,,X,,X,O,O,O,,O,,X,X,X,O,,X,,O,O,O,X,,X,,X,O,X,O,,X,O,X,X,X,O,X,6,100.0
O,,O,O,X,O,,X,,X,O,O,O,,O,,X,X,X,O,,X,,O,O,O,X,,X,,X,O,X,O,X,X,O,X,X,X,O,X,6,0.0
,,,,,,,,,,,,,,,,,,,,,,,,,,,,,,,,,,,,,,,,,,3,19.821328866554996
,,,,,,,,,,,,,,,,,,,,,,,,,,,,,,,,,,,,,,X,,,,3,28.76329043088976
,,,,,,,,,,,,,,,,,,,,,,,,,,,,,,,O,,,,,,,X,,,,2,18.40366039654296
,,,,,,,,,,,,,,,,,,,,,,,,,,,,,,,O,,,,,,X,X,,,,1,58.06345009914078
,,,,,,,,,,,,,,,,,,,,,,,,,,,,,,,O,,,,,O,X,X,,,,2,30.95328522597797
,,,,,,,,,,,,,,,,,,,,,,,,,,,,,,X,O,,,,,O,X,X,,,,2,41.0
,,,,,,,,,,,,,,,,,,,,,,,O,,,,,,,X,O,,,,,O,X,X,,,,4,43.88152766952455
,,,,,,,,,,,,,,,,,,,,,,,O,,,,,,,X,O,,,,,O,X,X,X,,,5,26.400329489291597
,,,,,,,,,,,,,,,,,,,,,,,O,,,,,,,X,O,,,,,O,X,X,X,O,,4,52.28377065111759
,,,,,,,,,,,,,,,,,,,,,,,O,,,,,,,X,O,X,,,,O,X,X,X,O,,4,19.284603421461895
,,,,,,,,,,,,,,,,,,,,,,,O,,O,,,,,X,O,X,,,,O,X,X,X,O,,4,66.47271268057786
,,,,,,,,,,,,,,,,,,X,,,,,O,,O,,,,,X,O,X,,,,O,X,X,X,O,,3,14.09188608275121
,,,,,,,,,,,,,,,,,,X,,,,,O,O,O,,,,,X,O,X,,,,O,X,X,X,O,,3,71.72102706453852
,,,,,,,,,,,,,,,,,X,X,,,,,O,O,O,,,,,X,O,X,,,,O,X,X,X,O,,3,18.195031712473572
,,,,,,,,,,O,,,,,,,X,X,,,,,O,O,O,,,,,X,O,X,,,,O,X,X,X,O,,3,73.2542438271605
,,,X,,,,,,,O,,,,,,,X,X,,,,,O,O,O,,,,,X,O,X,,,,O,X,X,X,O,,2,10.434705778406078
,,,X,,,,,,,O,,,,,,O,X,X,,,,,O,O,O,,,,,X,O,X,,,,O,X,X,X,O,,2,82.65586255756287
,,,X,,,,,,X,O,,,,,,O,X,X,,,,,O,O,O,,,,,X,O,X,,,,O,X,X,X,O,,1,6.943672410598481
,,,X,,,,,,X,O,,,,,,O,X,X,,,,,O,O,O,,,,O,X,O,X,,,,O,X,X,X,O,,1,80.31088082901555
,,,X,,,,,,X,O,,,,,,O,X,X,,,,X,O,O,O,,,,O,X,O,X,,,,O,X,X,X,O,,1,18.12102975593447
,,,X,,,,,,X,O,,,,,O,O,X,X,,,,X,O,O,O,,,,O,X,O,X,,,,O,X,X,X,O,,2,57.81748746010032
,,X,X,,,,,,X,O,,,,,O,O,X,X,,,,X,O,O,O,,,,O,X,O,X,,,,O,X,X,X,O,,1,38.44573294303085
,,X,X,,,,,O,X,O,,,,,O,O,X,X,,,,X,O,O,O,,,,O,X,O,X,,,,O,X,X,X,O,,1,71.68122270742357
,X,X,X,,,,,O,X,O,,,,,O,O,X,X,,,,X,O,O,O,,,,O,X,O,X,,,,O,X,X,X,O,,0,26.056665118439387
,X,X,X,,,,,O,X,O,,,,,O,O,X,X,,,,X,O,O,O,,,,O,X,O,X,,,O,O,X,X,X,O,,6,89.71386158886159
,X,X,X,,,,,O,X,O,,,,,O,O,X,X,,,,X,O,O,O,,,,O,X,O,X,,,O,O,X,X,X,O,X,0,8.052825825959358
,X,X,X,,,,,O,X,O,,,,,O,O,X,X,,,,X,O,O,O,,,O,O,X,O,X,,,O,O,X,X,X,O,X,6,95.9335465035451
,X,X,X,,,,,O,X,O,,,,,O,O,X,X,,,,X,O,O,O,,,O,O,X,O,X,,X,O,O,X,X,X,O,X,5,3.0284976665673717
,X,X,X,,,,,O,X,O,,,,,O,O,X,X,,,,X,O,O,O,,,O,O,X,O,X,O,X,O,O,X,X,X,O,X,5,98.10215837655663
,X,X,X,,,,,O,X,O,,,,,O,O,X,X,,,,X,O,O,O,X,,O,O,X,O,X,O,X,O,O,X,X,X,O,X,5,1.9719198611768418
,X,X,X,,,,,O,X,O,,,,,O,O,X,X,O,,,X,O,O,O,X,,O,O,X,O,X,O,X,O,O,X,X,X,O,X,4,98.37052496387864
,X,X,X,,,,,O,X,O,X,,,,O,O,X,X,O,,,X,O,O,O,X,,O,O,X,O,X,O,X,O,O,X,X,X,O,X,4,0.7808354180880904
,X,X,X,O,,,,O,X,O,X,,,,O,O,X,X,O,,,X,O,O,O,X,,O,O,X,O,X,O,X,O,O,X,X,X,O,X,6,99.3330196773033
,X,X,X,O,,,,O,X,O,X,,,,O,O,X,X,O,,,X,O,O,O,X,X,O,O,X,O,X,O,X,O,O,X,X,X,O,X,6,0.36335581493740826
,X,X,X,O,,,,O,X,O,X,,,,O,O,X,X,O,O,,X,O,O,O,X,X,O,O,X,O,X,O,X,O,O,X,X,X,O,X,6,99.75316046876442
,X,X,X,O,,,,O,X,O,X,,X,,O,O,X,X,O,O,,X,O,O,O,X,X,O,O,X,O,X,O,X,O,O,X,X,X,O,X,6,0.29561622764852913
,X,X,X,O,,O,,O,X,O,X,,X,,O,O,X,X,O,O,,X,O,O,O,X,X,O,O,X,O,X,O,X,O,O,X,X,X,O,X,5,99.91612673250718
,X,X,X,O,,O,,O,X,O,X,X,X,,O,O,X,X,O,O,,X,O,O,O,X,X,O,O,X,O,X,O,X,O,O,X,X,X,O,X,5,0.04236518791986928
,X,X,X,O,O,O,,O,X,O,X,X,X,,O,O,X,X,O,O,,X,O,O,O,X,X,O,O,X,O,X,O,X,O,O,X,X,X,O,X,0,100.0
,X,X,X,O,O,O,,O,X,O,X,X,X,,O,O,X,X,O,O,X,X,O,O,O,X,X,O,O,X,O,X,O,X,O,O,X,X,X,O,X,0,0.0
,X,X,X,O,O,O,,O,X,O,X,X,X,O,O,O,X,X,O,O,X,X,O,O,O,X,X,O,O,X,O,X,O,X,O,O,X,X,X,O,X,0,100.0
,X,X,X,O,O,O,X,O,X,O,X,X,X,O,O,O,X,X,O,O,X,X,O,O,O,X,X,O,O,X,O,X,O,X,O,O,X,X,X,O,X,0,0.0
,,,,,,,,,,,,,,,,,,,,,,,,,,,,,,,,,,,,,,,,,,3,19.220912352639672
,,,,,,,,,,,,,,,,,,,,,,,,,,,,,,,,,,,,,,X,,,,3,31.99074074074074
,,,,,,,,,,,,,,,,,,,,,,,,,,,,,,,O,,,,,,,X,,,,2,15.042843541732784
,,,,,,,,,,,,,,,,,,,,,,,,,,,,,,,O,,,,,,X,X,,,,1,58.25159914712154
,,,,,,,,,,,,,,,,,,,,,,,,,,,,,,,O,,,,,O,X,X,,,,2,29.00046926325669
,,,,,,,,,,,,,,,,,,,,,,,,,,,,,,X,O,,,,,O,X,X,,,,2,41.607898448519045
,,,,,,,,,,,,,,,,,,,,,,,O,,,,,,,X,O,,,,,O,X,X,,,,4,43.684759916492695
,,,,,,,,,,,,,,,,,,,,,,,O,,,,,,,X,O,,,,,O,X,X,X,,,5,28.586013272077594
,,,,,,,,,,,,,,,,,,,,,,,O,,,,,,,X,O,,,,,O,X,X,X,O,,4,52.646085997794934
,,,,,,,,,,,,,,,,,,,,,,,O,,,,,,,X,O,X,,,,O,X,X,X,O,,4,20.325833979829326
,,,,,,,,,,,,,,,,,,,,,,,O,,O,,,,,X,O,X,,,,O,X,X,X,O,,4,67.89816232771823
,,,,,,,,,,,,,,,,,,X,,,,,O,,O,,,,,X,O,X,,,,O,X,X,X,O,,3,14.262632197414806
,,,,,,,,,,,,,,,,,,X,,,,,O,O,O,,,,,X,O,X,,,,O,X,X,X,O,,3,71.98628621986286
,,,,,,,,,,,,,,,,,X,X,,,,,O,O,O,,,,,X,O,X,,,,O,X,X,X,O,,3,17.440831674408315
,,,,,,,,,,O,,,,,,,X,X,,,,,O,O,O,,,,,X,O,X,,,,O,X,X,X,O,,3,72.77967202467933
,,,X,,,,,,,O,,,,,,,X,X,,,,,O,O,O,,,,,X,O,X,,,,O,X,X,X,O,,2,9.757442116868798
,,,X,,,,,,,O,,,,,,O,X,X,,,,,O,O,O,,,,,X,O,X,,,,O,X,X,X,O,,2,83.85439681838268
,,,X,,,,,,X,O,,,,,,O,X,X,,,,,O,O,O,,,,,X,O,X,,,,O,X,X,X,O,,4,9.718232044198896
,,,X,,,,,,X,O,O,,,,,O,X,X,,,,,O,O,O,,,,,X,O,X,,,,O,X,X,X,O,,6,75.32745746113355
,,,X,,,,,,X,O,O,,,,,O,X,X,,,,,O,O,O,,,,,X,O,X,,,,O,X,X,X,O,X,1,7.7618422381577625
,,,X,,,,,,X,O,O,,,,,O,X,X,,,,,O,O,O,,,,O,X,O,X,,,,O,X,X,X,O,X,1,85.33340400720874
,,,X,,,,,,X,O,O,,,,,O,X,X,,,,X,O,O,O,,,,O,X,O,X,,,,O,X,X,X,O,X,1,18.412326108055645
,,,X,,,,,,X,O,O,,,,O,O,X,X,,,,X,O,O,O,,,,O,X,O,X,,,,O,X,X,X,O,X,4,73.44044731878199
,,,X,X,,,,,X,O,O,,,,O,O,X,X,,,,X,O,O,O,,,,O,X,O,X,,,,O,X,X,X,O,X,1,23.86512129992614
,,,X,X,,,,O,X,O,O,,,,O,O,X,X,,,,X,O,O,O,,,,O,X,O,X,,,,O,X,X,X,O,X,6,74.20461040198133
,,,X,X,,,,O,X,O,O,,,,O,O,X,X,,,,X,O,O,O,,,,O,X,O,X,,X,,O,X,X,X,O,X,1,14.410668970357973
,O,,X,X,,,,O,X,O,O,,,,O,O,X,X,,,,X,O,O,O,,,,O,X,O,X,,X,,O,X,X,X,O,X,0,90.63873508761915
,O,,X,X,,,,O,X,O,O,,,,O,O,X,X,,,,X,O,O,O,,,,O,X,O,X,,X,X,O,X,X,X,O,X,2,3.226603012593629
,O,O,X,X,,,,O,X,O,O,,,,O,O,X,X,,,,X,O,O,O,,,,O,X,O,X,,X,X,O,X,X,X,O,X,6,97.8696842783505
,O,O,X,X,,,,O,X,O,O,,,,O,O,X,X,,,,X,O,O,O,,X,,O,X,O,X,,X,X,O,X,X,X,O,X,6,1.2653005088708569
,O,O,X,X,,,,O,X,O,O,,,,O,O,X,X,,O,,X,O,O,O,,X,,O,X,O,X,,X,X,O,X,X,X,O,X,6,99.00454069158225
,O,O,X,X,,,,O,X,O,O,,X,,O,O,X,X,,O,,X,O,O,O,,X,,O,X,O,X,,X,X,O,X,X,X,O,X,6,0.806331931733861
,O,O,X,X,,O,,O,X,O,O,,X,,O,O,X,X,,O,,X,O,O,O,,X,,O,X,O,X,,X,X,O,X,X,X,O,X,0,99.80985973711041
,O,O,X,X,,O,,O,X,O,O,,X,,O,O,X,X,,O,,X,O,O,O,,X,X,O,X,O,X,,X,X,O,X,X,X,O,X,5,0.2132632193981887
,O,O,X,X,,O,,O,X,O,O,,X,,O,O,X,X,,O,,X,O,O,O,,X,X,O,X,O,X,O,X,X,O,X,X,X,O,X,5,99.87443946188341
,O,O,X,X,,O,,O,X,O,O,,X,,O,O,X,X,,O,,X,O,O,O,X,X,X,O,X,O,X,O,X,X,O,X,X,X,O,X,5,0.13628383997043333
,O,O,X,X,,O,,O,X,O,O,,X,,O,O,X,X,O,O,,X,O,O,O,X,X,X,O,X,O,X,O,X,X,O,X,X,X,O,X,5,99.92629988576482
,O,O,X,X,,O,,O,X,O,O,X,X,,O,O,X,X,O,O,,X,O,O,O,X,X,X,O,X,O,X,O,X,X,O,X,X,X,O,X,5,0.04020908725371934
,O,O,X,X,O,O,,O,X,O,O,X,X,,O,O,X,X,O,O,,X,O,O,O,X,X,X,O,X,O,X,O,X,X,O,X,X,X,O,X,0,100.0
,O,O,X,X,O,O,,O,X,O,O,X,X,,O,O,X,X,O,O,X,X,O,O,O,X,X,X,O,X,O,X,O,X,X,O,X,X,X,O,X,0,0.0
,O,O,X,X,O,O,,O,X,O,O,X,X,O,O,O,X,X,O,O,X,X,O,O,O,X,X,X,O,X,O,X,O,X,X,O,X,X,X,O,X,0,100.0
,O,O,X,X,O,O,X,O,X,O,O,X,X,O,O,O,X,X,O,O,X,X,O,O,O,X,X,X,O,X,O,X,O,X,X,O,X,X,X,O,X,0,0.0
,,,,,,,,,,,,,,,,,,,,,,,,,,,,,,,,,,,,,,,,,,3,18.17279046673287
,,,,,,,,,,,,,,,,,,,,,,,,,,,,,,,,,,,,,,X,,,,3,29.866888519134775
,,,,,,,,,,,,,,,,,,,,,,,,,,,,,,,O,,,,,,,X,,,,2,14.502657555049355
,,,,,,,,,,,,,,,,,,,,,,,,,,,,,,,O,,,,,,X,X,,,,1,57.91490992717516
,,,,,,,,,,,,,,,,,,,,,,,,,,,,,,,O,,,,,O,X,X,,,,2,28.04508019072388
,,,,,,,,,,,,,,,,,,,,,,,,,,,,,,X,O,,,,,O,X,X,,,,2,40.61990212071778
,,,,,,,,,,,,,,,,,,,,,,,O,,,,,,,X,O,,,,,O,X,X,,,,4,41.79704962002682
,,,,,,,,,,,,,,,,,,,,,,,O,,,,,,,X,O,,,,,O,X,X,X,,,5,28.421052631578945
,,,,,,,,,,,,,,,,,,,,,,,O,,,,,,,X,O,,,,,O,X,X,X,O,,4,53.333333333333336
,,,,,,,,,,,,,,,,,,,,,,,O,,,,,,,X,O,X,,,,O,X,X,X,O,,4,21.53625269203159
,,,,,,,,,,,,,,,,,,,,,,,O,,O,,,,,X,O,X,,,,O,X,X,X,O,,4,66.20264719306252
,,,,,,,,,,,,,,,,,,X,,,,,O,,O,,,,,X,O,X,,,,O,X,X,X,O,,3,14.578794480755263
,,,,,,,,,,,,,,,,,,X,,,,,O,O,O,,,,,X,O,X,,,,O,X,X,X,O,,3,72.83024017467248
,,,,,,,,,,,,,,,,,X,X,,,,,O,O,O,,,,,X,O,X,,,,O,X,X,X,O,,3,21.211665664461815
,,,,,,,,,,O,,,,,,,X,X,,,,,O,O,O,,,,,X,O,X,,,,O,X,X,X,O,,2,72.8386167146974
,,,,,,,,,,O,,,,,,X,X,X,,,,,O,O,O,,,,,X,O,X,,,,O,X,X,X,O,,3,14.341578755911241
,,,O,,,,,,,O,,,,,,X,X,X,,,,,O,O,O,,,,,X,O,X,,,,O,X,X,X,O,,0,72.67337135995197
,,,O,,,,,,,O,,,,,,X,X,X,,,,,O,O,O,,,,,X,O,X,,,X,O,X,X,X,O,,4,16.8141592920354
,,,O,,,,,,,O,O,,,,,X,X,X,,,,,O,O,O,,,,,X,O,X,,,X,O,X,X,X,O,,2,77.88345612860013
,,,O,,,,,,X,O,O,,,,,X,X,X,,,,,O,O,O,,,,,X,O,X,,,X,O,X,X,X,O,,0,22.49287749287749
,,,O,,,,,,X,O,O,,,,,X,X,X,,,,,O,O,O,,,O,,X,O,X,,,X,O,X,X,X,O,,6,68.52891267458557
,,,O,,,,,,X,O,O,,,,,X,X,X,,,,,O,O,O,,,O,,X,O,X,,,X,O,X,X,X,O,X,0,29.952803039023827
,,,O,,,,,,X,O,O,,,,,X,X,X,,,O,,O,O,O,,,O,,X,O,X,,,X,O,X,X,X,O,X,6,75.74318895624863
,,,O,,,,,,X,O,O,,,,,X,X,X,,,O,,O,O,O,,,O,,X,O,X,,X,X,O,X,X,X,O,X,0,4.177691129369169
,,,O,,,,,,X,O,O,,,O,,X,X,X,,,O,,O,O,O,,,O,,X,O,X,,X,X,O,X,X,X,O,X,0,97.46421904169259
,,,O,,,,X,,X,O,O,,,O,,X,X,X,,,O,,O,O,O,,,O,,X,O,X,,X,X,O,X,X,X,O,X,5,1.8080812284132997
,,,O,,,,X,,X,O,O,,,O,,X,X,X,,,O,,O,O,O,,,O,,X,O,X,O,X,X,O,X,X,X,O,X,5,98.55313000351467
,,,O,,,,X,,X,O,O,,,O,,X,X,X,,,O,,O,O,O,X,,O,,X,O,X,O,X,X,O,X,X,X,O,X,5,1.1760156498794412
,,,O,,,,X,,X,O,O,,,O,,X,X,X,O,,O,,O,O,O,X,,O,,X,O,X,O,X,X,O,X,X,X,O,X,6,98.19449181446112
,,,O,,,,X,,X,O,O,,,O,,X,X,X,O,,O,,O,O,O,X,X,O,,X,O,X,O,X,X,O,X,X,X,O,X,6,1.016424660795049
,,,O,,,,X,,X,O,O,,,O,,X,X,X,O,O,O,,O,O,O,X,X,O,,X,O,X,O,X,X,O,X,X,X,O,X,6,98.21825874457454
,,,O,,,,X,,X,O,O,,X,O,,X,X,X,O,O,O,,O,O,O,X,X,O,,X,O,X,O,X,X,O,X,X,X,O,X,4,0.7152643455834945
,,,O,O,,,X,,X,O,O,,X,O,,X,X,X,O,O,O,,O,O,O,X,X,O,,X,O,X,O,X,X,O,X,X,X,O,X,6,98.21738962493724
,,,O,O,,X,X,,X,O,O,,X,O,,X,X,X,O,O,O,,O,O,O,X,X,O,,X,O,X,O,X,X,O,X,X,X,O,X,2,0.22450016943409015
,,O,O,O,,X,X,,X,O,O,,X,O,,X,X,X,O,O,O,,O,O,O,X,X,O,,X,O,X,O,X,X,O,X,X,X,O,X,0,99.94697973868585
X,,O,O,O,,X,X,,X,O,O,,X,O,,X,X,X,O,O,O,,O,O,O,X,X,O,,X,O,X,O,X,X,O,X,X,X,O,X,5,0.049333991119881605
X,,O,O,O,,X,X,,X,O,O,O,X,O,,X,X,X,O,O,O,,O,O,O,X,X,O,,X,O,X,O,X,X,O,X,X,X,O,X,5,100.0
X,,O,O,O,X,X,X,,X,O,O,O,X,O,,X,X,X,O,O,O,,O,O,O,X,X,O,,X,O,X,O,X,X,O,X,X,X,O,X,1,0.0
X,,O,O,O,X,X,X,,X,O,O,O,X,O,,X,X,X,O,O,O,,O,O,O,X,X,O,O,X,O,X,O,X,X,O,X,X,X,O,X,1,100.0
X,,O,O,O,X,X,X,,X,O,O,O,X,O,,X,X,X,O,O,O,X,O,O,O,X,X,O,O,X,O,X,O,X,X,O,X,X,X,O,X,1,0.0
X,,O,O,O,X,X,X,,X,O,O,O,X,O,O,X,X,X,O,O,O,X,O,O,O,X,X,O,O,X,O,X,O,X,X,O,X,X,X,O,X,1,100.0
X,,O,O,O,X,X,X,X,X,O,O,O,X,O,O,X,X,X,O,O,O,X,O,O,O,X,X,O,O,X,O,X,O,X,X,O,X,X,X,O,X,1,0.0
,,,,,,,,,,,,,,,,,,,,,,,,,,,,,,,,,,,,,,,,,,3,18.88646288209607
,,,,,,,,,,,,,,,,,,,,,,,,,,,,,,,,,,,,,,X,,,,3,28.19194515852613
,,,,,,,,,,,,,,,,,,,,,,,,,,,,,,,O,,,,,,,X,,,,2,16.16854483096521
,,,,,,,,,,,,,,,,,,,,,,,,,,,,,,,O,,,,,,X,X,,,,1,58.39536807278742
,,,,,,,,,,,,,,,,,,,,,,,,,,,,,,,O,,,,,O,X,X,,,,2,29.649356413670663
,,,,,,,,,,,,,,,,,,,,,,,,,,,,,,X,O,,,,,O,X,X,,,,2,40.94387755102041
,,,,,,,,,,,,,,,,,,,,,,,O,,,,,,,X,O,,,,,O,X,X,,,,4,43.62818590704648
,,,,,,,,,,,,,,,,,,,,,,,O,,,,,,,X,O,,,,,O,X,X,X,,,5,28.263052208835344
,,,,,,,,,,,,,,,,,,,,,,,O,,,,,,,X,O,,,,,O,X,X,X,O,,4,52.59989053092501
,,,,,,,,,,,,,,,,,,,,,,,O,,,,,,,X,O,X,,,,O,X,X,X,O,,4,20.463320463320464
,,,,,,,,,,,,,,,,,,,,,,,O,,O,,,,,X,O,X,,,,O,X,X,X,O,,4,64.83841602184798
,,,,,,,,,,,,,,,,,,X,,,,,O,,O,,,,,X,O,X,,,,O,X,X,X,O,,3,14.543457797301537
,,,,,,,,,,,,,,,,,,X,,,,,O,O,O,,,,,X,O,X,,,,O,X,X,X,O,,3,70.75761453800871
,,,,,,,,,,,,,,,,,X,X,,,,,O,O,O,,,,,X,O,X,,,,O,X,X,X,O,,3,17.499452114836732
,,,,,,,,,,O,,,,,,,X,X,,,,,O,O,O,,,,,X,O,X,,,,O,X,X,X,O,,2,72.99473768139053
,,,,,,,,,,O,,,,,,X,X,X,,,,,O,O,O,,,,,X,O,X,,,,O,X,X,X,O,,3,12.704741379310343
,,,O,,,,,,,O,,,,,,X,X,X,,,,,O,O,O,,,,,X,O,X,,,,O,X,X,X,O,,0,72.42883001480995
,,,O,,,,,,,O,,,,,,X,X,X,,,,,O,O,O,,,,,X,O,X,,,X,O,X,X,X,O,,4,17.35372340425532
,,,O,,,,,,,O,O,,,,,X,X,X,,,,,O,O,O,,,,,X,O,X,,,X,O,X,X,X,O,,2,76.52757078986588
,,,O,,,,,,X,O,O,,,,,X,X,X,,,,,O,O,O,,,,,X,O,X,,,X,O,X,X,X,O,,2,22.495246453122714
,,O,O,,,,,,X,O,O,,,,,X,X,X,,,,,O,O,O,,,,,X,O,X,,,X,O,X,X,X,O,,4,75.05714285714285
,,O,O,X,,,,,X,O,O,,,,,X,X,X,,,,,O,O,O,,,,,X,O,X,,,X,O,X,X,X,O,,5,10.557843504305502
,,O,O,X,,,,,X,O,O,,,,,X,X,X,,,,,O,O,O,,,,,X,O,X,O,,X,O,X,X,X,O,,5,91.35511191772535
,,O,O,X,,,,,X,O,O,,,,,X,X,X,,,,,O,O,O,X,,,,X,O,X,O,,X,O,X,X,X,O,,5,4.993413962399713
,,O,O,X,,,,,X,O,O,,,,,X,X,X,O,,,,O,O,O,X,,,,X,O,X,O,,X,O,X,X,X,O,,6,94.21693511597712
,,O,O,X,,,,,X,O,O,,,,,X,X,X,O,,,,O,O,O,X,,,,X,O,X,O,,X,O,X,X,X,O,X,5,2.2037406101487047
,,O,O,X,,,,,X,O,O,O,,,,X,X,X,O,,,,O,O,O,X,,,,X,O,X,O,,X,O,X,X,X,O,X,0,98.18876576232327
,,O,O,X,,,,,X,O,O,O,,,,X,X,X,O,,,,O,O,O,X,,X,,X,O,X,O,,X,O,X,X,X,O,X,5,1.1519000968887931
,,O,O,X,O,,,,X,O,O,O,,,,X,X,X,O,,,,O,O,O,X,,X,,X,O,X,O,,X,O,X,X,X,O,X,0,99.60627237088802
,,O,O,X,O,,,,X,O,O,O,,,,X,X,X,O,,X,,O,O,O,X,,X,,X,O,X,O,,X,O,X,X,X,O,X,0,0.3336250273463137
,,O,O,X,O,,,,X,O,O,O,,O,,X,X,X,O,,X,,O,O,O,X,,X,,X,O,X,O,,X,O,X,X,X,O,X,0,99.69422122429685
,,O,O,X,O,,X,,X,O,O,O,,O,,X,X,X,O,,X,,O,O,O,X,,X,,X,O,X,O,,X,O,X,X,X,O,X,0,0.1939304219096965
O,,O,O,X,O,,X,,X,O,O,O,,O,,X,X,X,O,,X,,O,O,O,X,,X,,X,O,X,O,,X,O,X,X,X,O,X,6,100.0
O,,O,O,X,O,,X,,X,O,O,O,,O,,X,X,X,O,,X,,O,O,O,X,,X,,X,O,X,O,X,X,O,X,X,X,O,X,6,0.0
,,,,,,,,,,,,,,,,,,,,,,,,,,,,,,,,,,,,,,,,,,3,19.218910585817063
,,,,,,,,,,,,,,,,,,,,,,,,,,,,,,,,,,,,,,X,,,,3,29.08366533864542
,,,,,,,,,,,,,,,,,,,,,,,,,,,,,,,O,,,,,,,X,,,,2,15.233522479266695
,,,,,,,,,,,,,,,,,,,,,,,,,,,,,,,O,,,,,,X,X,,,,1,57.7076677316294
,,,,,,,,,,,,,,,,,,,,,,,,,,,,,,,O,,,,,O,X,X,,,,2,30.077120822622106
,,,,,,,,,,,,,,,,,,,,,,,,,,,,,,X,O,,,,,O,X,X,,,,2,40.53377814845705
,,,,,,,,,,,,,,,,,,,,,,,O,,,,,,,X,O,,,,,O,X,X,,,,4,42.77620396600567
,,,,,,,,,,,,,,,,,,,,,,,O,,,,,,,X,O,,,,,O,X,X,X,,,5,28.098765432098766
,,,,,,,,,,,,,,,,,,,,,,,O,,,,,,,X,O,,,,,O,X,X,X,O,,4,52.56645279560037
,,,,,,,,,,,,,,,,,,,,,,,O,,,,,,,X,O,X,,,,O,X,X,X,O,,4,18.805309734513273
,,,,,,,,,,,,,,,,,,,,,,,O,,O,,,,,X,O,X,,,,O,X,X,X,O,,4,69.14529914529915
,,,,,,,,,,,,,,,,,,X,,,,,O,,O,,,,,X,O,X,,,,O,X,X,X,O,,3,14.680607275852193
,,,,,,,,,,,,,,,,,,X,,,,,O,O,O,,,,,X,O,X,,,,O,X,X,X,O,,3,70.74898785425101
,,,,,,,,,,,,,,,,,X,X,,,,,O,O,O,,,,,X,O,X,,,,O,X,X,X,O,,3,18.60056846681157
,,,,,,,,,,O,,,,,,,X,X,,,,,O,O,O,,,,,X,O,X,,,,O,X,X,X,O,,2,75.4124510072008
,,,,,,,,,,O,,,,,,X,X,X,,,,,O,O,O,,,,,X,O,X,,,,O,X,X,X,O,,3,17.861885790172643
,,,O,,,,,,,O,,,,,,X,X,X,,,,,O,O,O,,,,,X,O,X,,,,O,X,X,X,O,,6,73.68206420997998
,,,O,,,,,,,O,,,,,,X,X,X,,,,,O,O,O,,,,,X,O,X,,,,O,X,X,X,O,X,4,14.166520288073073
,,,O,,,,,,,O,O,,,,,X,X,X,,,,,O,O,O,,,,,X,O,X,,,,O,X,X,X,O,X,2,83.09575863576738
,,,O,,,,,,X,O,O,,,,,X,X,X,,,,,O,O,O,,,,,X,O,X,,,,O,X,X,X,O,X,5,7.921424012481385
,,,O,,,,,,X,O,O,,,,,X,X,X,,,,,O,O,O,,,,,X,O,X,O,,,O,X,X,X,O,X,5,89.22663026019917
,,,O,,,,,,X,O,O,,,,,X,X,X,,,,,O,O,O,X,,,,X,O,X,O,,,O,X,X,X,O,X,5,8.925942845540835
,,,O,,,,,,X,O,O,,,,,X,X,X,O,,,,O,O,O,X,,,,X,O,X,O,,,O,X,X,X,O,X,0,84.99337680864072
,,,O,,,,,,X,O,O,,,,,X,X,X,O,,,,O,O,O,X,,,,X,O,X,O,,X,O,X,X,X,O,X,2,5.9275106972061415
,,O,O,,,,,,X,O,O,,,,,X,X,X,O,,,,O,O,O,X,,,,X,O,X,O,,X,O,X,X,X,O,X,4,94.62891916920228
,,O,O,X,,,,,X,O,O,,,,,X,X,X,O,,,,O,O,O,X,,,,X,O,X,O,,X,O,X,X,X,O,X,5,2.0098742953184634
,,O,O,X,,,,,X,O,O,O,,,,X,X,X,O,,,,O,O,O,X,,,,X,O,X,O,,X,O,X,X,X,O,X,0,98.38314077325244
,,O,O,X,,,,,X,O,O,O,,,,X,X,X,O,,,,O,O,O,X,,X,,X,O,X,O,,X,O,X,X,X,O,X,5,0.9768044139173516
,,O,O,X,O,,,,X,O,O,O,,,,X,X,X,O,,,,O,O,O,X,,X,,X,O,X,O,,X,O,X,X,X,O,X,0,99.67592592592592
,,O,O,X,O,,,,X,O,O,O,,,,X,X,X,O,,X,,O,O,O,X,,X,,X,O,X,O,,X,O,X,X,X,O,X,0,0.26495394517811566
,,O,O,X,O,,,,X,O,O,O,,O,,X,X,X,O,,X,,O,O,O,X,,X,,X,O,X,O,,X,O,X,X,X,O,X,0,99.74003466204506
,,O,O,X,O,,X,,X,O,O,O,,O,,X,X,X,O,,X,,O,O,O,X,,X,,X,O,X,O,,X,O,X,X,X,O,X,0,0.16534710823597568
O,,O,O,X,O,,X,,X,O,O,O,,O,,X,X,X,O,,X,,O,O,O,X,,X,,X,O,X,O,,X,O,X,X,X,O,X,1,100.0
O,,O,O,X,O,,X,,X,O,O,O,,O,,X,X,X,O,,X,,O,O,O,X,,X,X,X,O,X,O,,X,O,X,X,X,O,X,1,0.0
,,,,,,,,,,,,,,,,,,,,,,,,,,,,,,,,,,,,,,,,,,3,18.44987363100253
,,,,,,,,,,,,,,,,,,,,,,,,,,,,,,,,,,,,,,X,,,,3,28.420356906807665
,,,,,,,,,,,,,,,,,,,,,,,,,,,,,,,O,,,,,,,X,,,,2,15.238412804268089
,,,,,,,,,,,,,,,,,,,,,,,,,,,,,,,O,,,,,,X,X,,,,1,59.34630921777452
,,,,,,,,,,,,,,,,,,,,,,,,,,,,,,,O,,,,,O,X,X,,,,2,29.79502196193265
,,,,,,,,,,,,,,,,,,,,,,,,,,,,,,X,O,,,,,O,X,X,,,,2,39.52114427860697
,,,,,,,,,,,,,,,,,,,,,,,O,,,,,,,X,O,,,,,O,X,X,,,,4,42.14618973561431
,,,,,,,,,,,,,,,,,,,,,,,O,,,,,,,X,O,,,,,O,X,X,X,,,5,24.207269914926528
,,,,,,,,,,,,,,,,,,,,,,,O,,,,,,,X,O,,,,,O,X,X,X,O,,4,53.50258580159849
,,,,,,,,,,,,,,,,,,,,,,,O,,,,,,,X,O,X,,,,O,X,X,X,O,,4,18.140981340704908
,,,,,,,,,,,,,,,,,,,,,,,O,,O,,,,,X,O,X,,,,O,X,X,X,O,,4,68.42419419021091
,,,,,,,,,,,,,,,,,,X,,,,,O,,O,,,,,X,O,X,,,,O,X,X,X,O,,3,13.587257617728532
,,,,,,,,,,,,,,,,,,X,,,,,O,O,O,,,,,X,O,X,,,,O,X,X,X,O,,3,72.49337455830388
,,,,,,,,,,,,,,,,,X,X,,,,,O,O,O,,,,,X,O,X,,,,O,X,X,X,O,,3,18.06751246035342
,,,,,,,,,,O,,,,,,,X,X,,,,,O,O,O,,,,,X,O,X,,,,O,X,X,X,O,,2,72.61359921542989
,,,,,,,,,,O,,,,,,X,X,X,,,,,O,O,O,,,,,X,O,X,,,,O,X,X,X,O,,3,13.963210702341136
,,,O,,,,,,,O,,,,,,X,X,X,,,,,O,O,O,,,,,X,O,X,,,,O,X,X,X,O,,0,72.50986941998178
,,,O,,,,,,,O,,,,,,X,X,X,,,,,O,O,O,,,,,X,O,X,,,X,O,X,X,X,O,,4,17.434758467518048
,,,O,,,,,,,O,O,,,,,X,X,X,,,,,O,O,O,,,,,X,O,X,,,X,O,X,X,X,O,,2,75.70745574363613
,,,O,,,,,,X,O,O,,,,,X,X,X,,,,,O,O,O,,,,,X,O,X,,,X,O,X,X,X,O,,0,23.79659343372007
,,,O,,,,,,X,O,O,,,,,X,X,X,,,,,O,O,O,,,O,,X,O,X,,,X,O,X,X,X,O,,6,67.2476558190844
,,,O,,,,,,X,O,O,,,,,X,X,X,,,,,O,O,O,,,O,,X,O,X,,,X,O,X,X,X,O,X,0,30.287289303508956
,,,O,,,,,,X,O,O,,,,,X,X,X,,,O,,O,O,O,,,O,,X,O,X,,,X,O,X,X,X,O,X,0,75.4818281938326
,,,O,,,,,,X,O,O,,,X,,X,X,X,,,O,,O,O,O,,,O,,X,O,X,,,X,O,X,X,X,O,X,5,16.664008929995216
,,,O,,,,,,X,O,O,,,X,,X,X,X,,,O,,O,O,O,,,O,,X,O,X,O,,X,O,X,X,X,O,X,5,90.78837248228533
,,,O,,,,,,X,O,O,,,X,,X,X,X,,,O,,O,O,O,X,,O,,X,O,X,O,,X,O,X,X,X,O,X,5,8.615647635758313
,,,O,,,,,,X,O,O,,,X,,X,X,X,O,,O,,O,O,O,X,,O,,X,O,X,O,,X,O,X,X,X,O,X,5,93.75738416834307
,,,O,,,,,,X,O,O,X,,X,,X,X,X,O,,O,,O,O,O,X,,O,,X,O,X,O,,X,O,X,X,X,O,X,5,3.0995629335578814
,,,O,,O,,,,X,O,O,X,,X,,X,X,X,O,,O,,O,O,O,X,,O,,X,O,X,O,,X,O,X,X,X,O,X,0,98.44125661163649
,,,O,,O,,X,,X,O,O,X,,X,,X,X,X,O,,O,,O,O,O,X,,O,,X,O,X,O,,X,O,X,X,X,O,X,4,0.9318813039029381
,,,O,O,O,,X,,X,O,O,X,,X,,X,X,X,O,,O,,O,O,O,X,,O,,X,O,X,O,,X,O,X,X,X,O,X,2,99.85297721146777
,,X,O,O,O,,X,,X,O,O,X,,X,,X,X,X,O,,O,,O,O,O,X,,O,,X,O,X,O,,X,O,X,X,X,O,X,0,0.19026301063234471
O,,X,O,O,O,,X,,X,O,O,X,,X,,X,X,X,O,,O,,O,O,O,X,,O,,X,O,X,O,,X,O,X,X,X,O,X,1,100.0
O,,X,O,O,O,,X,,X,O,O,X,,X,,X,X,X,O,,O,,O,O,O,X,,O,X,X,O,X,O,,X,O,X,X,X,O,X,1,0.0
,,,,,,,,,,,,,,,,,,,,,,,,,,,,,,,,,,,,,,,,,,3,17.953667953667953
,,,,,,,,,,,,,,,,,,,,,,,,,,,,,,,,,,,,,,X,,,,3,29.547325102880656
,,,,,,,,,,,,,,,,,,,,,,,,,,,,,,,O,,,,,,,X,,,,2,15.725359911406422
,,,,,,,,,,,,,,,,,,,,,,,,,,,,,,,O,,,,,,X,X,,,,1,59.85371800081267
,,,,,,,,,,,,,,,,,,,,,,,,,,,,,,,O,,,,,O,X,X,,,,2,27.813953488372096
,,,,,,,,,,,,,,,,,,,,,,,,,,,,,,X,O,,,,,O,X,X,,,,2,42.80017722640673
,,,,,,,,,,,,,,,,,,,,,,,O,,,,,,,X,O,,,,,O,X,X,,,,4,41.512427287149656
,,,,,,,,,,,,,,,,,,,,,,,O,,,,,,,X,O,,,,,O,X,X,X,,,5,24.682124158563948
,,,,,,,,,,,,,,,,,,,,,,,O,,,,,,,X,O,,,,,O,X,X,X,O,,4,56.06304277902863
,,,,,,,,,,,,,,,,,,,,,,,O,,,,,,,X,O,X,,,,O,X,X,X,O,,4,13.73191899710704
,,,,,,,,,,,,,,,,,,,,,,,O,,O,,,,,X,O,X,,,,O,X,X,X,O,,4,70.84666039510819
,,,,,,,,,,,,,,,,,,X,,,,,O,,O,,,,,X,O,X,,,,O,X,X,X,O,,2,15.00142938822184
,,,,,,,,,,,,,,,,O,,X,,,,,O,,O,,,,,X,O,X,,,,O,X,X,X,O,,2,78.45755838344287
,,,,,,,,,X,,,,,,,O,,X,,,,,O,,O,,,,,X,O,X,,,,O,X,X,X,O,,3,10.846944948578342
,,,,,,,,,X,,,,,,,O,,X,,,,,O,O,O,,,,,X,O,X,,,,O,X,X,X,O,,3,80.5802821632516
,,,,,,,,,X,,,,,,,O,X,X,,,,,O,O,O,,,,,X,O,X,,,,O,X,X,X,O,,3,8.304640718562874
,,,,,,,,,X,O,,,,,,O,X,X,,,,,O,O,O,,,,,X,O,X,,,,O,X,X,X,O,,3,81.89710237500726
,,,X,,,,,,X,O,,,,,,O,X,X,,,,,O,O,O,,,,,X,O,X,,,,O,X,X,X,O,,1,8.75778155065082
,,,X,,,,,,X,O,,,,,,O,X,X,,,,,O,O,O,,,,O,X,O,X,,,,O,X,X,X,O,,1,82.8
,,,X,,,,,,X,O,,,,,,O,X,X,,,,X,O,O,O,,,,O,X,O,X,,,,O,X,X,X,O,,1,23.084780388151174
,,,X,,,,,,X,O,,,,,O,O,X,X,,,,X,O,O,O,,,,O,X,O,X,,,,O,X,X,X,O,,2,66.62216828478964
,,X,X,,,,,,X,O,,,,,O,O,X,X,,,,X,O,O,O,,,,O,X,O,X,,,,O,X,X,X,O,,1,36.76987198571003
,,X,X,,,,,O,X,O,,,,,O,O,X,X,,,,X,O,O,O,,,,O,X,O,X,,,,O,X,X,X,O,,1,55.20358553631115
,X,X,X,,,,,O,X,O,,,,,O,O,X,X,,,,X,O,O,O,,,,O,X,O,X,,,,O,X,X,X,O,,0,40.47143685193534
,X,X,X,,,,,O,X,O,,,,,O,O,X,X,,,,X,O,O,O,,,,O,X,O,X,,,O,O,X,X,X,O,,6,80.93011688634668
,X,X,X,,,,,O,X,O,,,,,O,O,X,X,,,,X,O,O,O,,,,O,X,O,X,,,O,O,X,X,X,O,X,0,10.290596430126252
,X,X,X,,,,,O,X,O,,,,,O,O,X,X,,,,X,O,O,O,,,O,O,X,O,X,,,O,O,X,X,X,O,X,6,95.86374695863748
,X,X,X,,,,,O,X,O,,,,,O,O,X,X,,,,X,O,O,O,,,O,O,X,O,X,,X,O,O,X,X,X,O,X,5,3.359735725815534
,X,X,X,,,,,O,X,O,,,,,O,O,X,X,,,,X,O,O,O,,,O,O,X,O,X,O,X,O,O,X,X,X,O,X,5,97.47047244094487
,X,X,X,,,,,O,X,O,,,,,O,O,X,X,,,,X,O,O,O,X,,O,O,X,O,X,O,X,O,O,X,X,X,O,X,5,2.6387052081365328
,X,X,X,,,,,O,X,O,,,,,O,O,X,X,O,,,X,O,O,O,X,,O,O,X,O,X,O,X,O,O,X,X,X,O,X,4,97.78569759289553
,X,X,X,,,,,O,X,O,X,,,,O,O,X,X,O,,,X,O,O,O,X,,O,O,X,O,X,O,X,O,O,X,X,X,O,X,4,1.015655097537912
,X,X,X,O,,,,O,X,O,X,,,,O,O,X,X,O,,,X,O,O,O,X,,O,O,X,O,X,O,X,O,O,X,X,X,O,X,6,99.24895074000442
,X,X,X,O,,,,O,X,O,X,,,,O,O,X,X,O,,,X,O,O,O,X,X,O,O,X,O,X,O,X,O,O,X,X,X,O,X,6,0.41685013943930715
,X,X,X,O,,,,O,X,O,X,,,,O,O,X,X,O,O,,X,O,O,O,X,X,O,O,X,O,X,O,X,O,O,X,X,X,O,X,6,99.78312773577397
,X,X,X,O,,,,O,X,O,X,,X,,O,O,X,X,O,O,,X,O,O,O,X,X,O,O,X,O,X,O,X,O,O,X,X,X,O,X,6,0.2424971385337653
,X,X,X,O,,O,,O,X,O,X,,X,,O,O,X,X,O,O,,X,O,O,O,X,X,O,O,X,O,X,O,X,O,O,X,X,X,O,X,5,99.92670636738433
,X,X,X,O,,O,,O,X,O,X,X,X,,O,O,X,X,O,O,,X,O,O,O,X,X,O,O,X,O,X,O,X,O,O,X,X,X,O,X,5,0.03873109553670233
,X,X,X,O,O,O,,O,X,O,X,X,X,,O,O,X,X,O,O,,X,O,O,O,X,X,O,O,X,O,X,O,X,O,O,X,X,X,O,X,0,100.0
,X,X,X,O,O,O,,O,X,O,X,X,X,,O,O,X,X,O,O,X,X,O,O,O,X,X,O,O,X,O,X,O,X,O,O,X,X,X,O,X,0,0.0
,X,X,X,O,O,O,,O,X,O,X,X,X,O,O,O,X,X,O,O,X,X,O,O,O,X,X,O,O,X,O,X,O,X,O,O,X,X,X,O,X,0,100.0
,X,X,X,O,O,O,X,O,X,O,X,X,X,O,O,O,X,X,O,O,X,X,O,O,O,X,X,O,O,X,O,X,O,X,O,O,X,X,X,O,X,0,0.0
,,,,,,,,,,,,,,,,,,,,,,,,,,,,,,,,,,,,,,,,,,3,18.488253319713994
,,,,,,,,,,,,,,,,,,,,,,,,,,,,,,,,,,,,,,X,,,,3,28.455284552845526
,,,,,,,,,,,,,,,,,,,,,,,,,,,,,,,O,,,,,,,X,,,,2,16.459330143540672
,,,,,,,,,,,,,,,,,,,,,,,,,,,,,,,O,,,,,,X,X,,,,1,58.59649122807018
,,,,,,,,,,,,,,,,,,,,,,,,,,,,,,,O,,,,,O,X,X,,,,2,28.84788478847885
,,,,,,,,,,,,,,,,,,,,,,,,,,,,,,X,O,,,,,O,X,X,,,,2,42.74809160305343
,,,,,,,,,,,,,,,,,,,,,,,O,,,,,,,X,O,,,,,O,X,X,,,,4,43.72509960159363
,,,,,,,,,,,,,,,,,,,,,,,O,,,,,,,X,O,,,,,O,X,X,X,,,5,27.522935779816514
,,,,,,,,,,,,,,,,,,,,,,,O,,,,,,,X,O,,,,,O,X,X,X,O,,4,52.87698412698413
,,,,,,,,,,,,,,,,,,,,,,,O,,,,,,,X,O,X,,,,O,X,X,X,O,,4,20.897832817337463
,,,,,,,,,,,,,,,,,,,,,,,O,,O,,,,,X,O,X,,,,O,X,X,X,O,,4,66.78863538527766
,,,,,,,,,,,,,,,,,,X,,,,,O,,O,,,,,X,O,X,,,,O,X,X,X,O,,3,14.366391184573002
,,,,,,,,,,,,,,,,,,X,,,,,O,O,O,,,,,X,O,X,,,,O,X,X,X,O,,3,72.73833222738332
,,,,,,,,,,,,,,,,,X,X,,,,,O,O,O,,,,,X,O,X,,,,O,X,X,X,O,,3,19.36602870813397
,,,,,,,,,,O,,,,,,,X,X,,,,,O,O,O,,,,,X,O,X,,,,O,X,X,X,O,,2,73.78214342756748
,,,,,,,,,,O,,,,,,X,X,X,,,,,O,O,O,,,,,X,O,X,,,,O,X,X,X,O,,3,13.807907348242813
,,,O,,,,,,,O,,,,,,X,X,X,,,,,O,O,O,,,,,X,O,X,,,,O,X,X,X,O,,6,71.0896309314587
,,,O,,,,,,,O,,,,,,X,X,X,,,,,O,O,O,,,,,X,O,X,,,,O,X,X,X,O,X,4,16.401895206243033
,,,O,,,,,,,O,O,,,,,X,X,X,,,,,O,O,O,,,,,X,O,X,,,,O,X,X,X,O,X,2,82.0942295223687
,,,O,,,,,,X,O,O,,,,,X,X,X,,,,,O,O,O,,,,,X,O,X,,,,O,X,X,X,O,X,5,8.204617173227039
,,,O,,,,,,X,O,O,,,,,X,X,X,,,,,O,O,O,,,,,X,O,X,O,,,O,X,X,X,O,X,5,89.35331230283911
,,,O,,,,,,X,O,O,,,,,X,X,X,,,,,O,O,O,X,,,,X,O,X,O,,,O,X,X,X,O,X,5,8.725044588918934
,,,O,,,,,,X,O,O,,,,,X,X,X,O,,,,O,O,O,X,,,,X,O,X,O,,,O,X,X,X,O,X,0,85.1481588032221
,,,O,,,,,,X,O,O,,,,,X,X,X,O,,,,O,O,O,X,,,,X,O,X,O,,X,O,X,X,X,O,X,2,7.154032910709468
,,O,O,,,,,,X,O,O,,,,,X,X,X,O,,,,O,O,O,X,,,,X,O,X,O,,X,O,X,X,X,O,X,4,94.2145209795217
,,O,O,X,,,,,X,O,O,,,,,X,X,X,O,,,,O,O,O,X,,,,X,O,X,O,,X,O,X,X,X,O,X,5,2.319598323581891
,,O,O,X,,,,,X,O,O,O,,,,X,X,X,O,,,,O,O,O,X,,,,X,O,X,O,,X,O,X,X,X,O,X,0,98.23085956737508
,,O,O,X,,,,,X,O,O,O,,,,X,X,X,O,,,,O,O,O,X,,X,,X,O,X,O,,X,O,X,X,X,O,X,5,1.123871738137885
,,O,O,X,O,,,,X,O,O,O,,,,X,X,X,O,,,,O,O,O,X,,X,,X,O,X,O,,X,O,X,X,X,O,X,0,99.63689740420271
,,O,O,X,O,,,,X,O,O,O,,,,X,X,X,O,,X,,O,O,O,X,,X,,X,O,X,O,,X,O,X,X,X,O,X,0,0.30786960816595327
,,O,O,X,O,,,,X,O,O,O,,O,,X,X,X,O,,X,,O,O,O,X,,X,,X,O,X,O,,X,O,X,X,X,O,X,0,99.73015252248729
,,O,O,X,O,,X,,X,O,O,O,,O,,X,X,X,O,,X,,O,O,O,X,,X,,X,O,X,O,,X,O,X,X,X,O,X,0,0.1877619934792734
O,,O,O,X,O,,X,,X,O,O,O,,O,,X,X,X,O,,X,,O,O,O,X,,X,,X,O,X,O,,X,O,X,X,X,O,X,6,100.0
O,,O,O,X,O,,X,,X,O,O,O,,O,,X,X,X,O,,X,,O,O,O,X,,X,,X,O,X,O,X,X,O,X,X,X,O,X,6,0.0
,,,,,,,,,,,,,,,,,,,,,,,,,,,,,,,,,,,,,,,,,,3,18.571428571428573
,,,,,,,,,,,,,,,,,,,,,,,,,,,,,,,,,,,,,,X,,,,3,27.849355797819626
,,,,,,,,,,,,,,,,,,,,,,,,,,,,,,,O,,,,,,,X,,,,2,15.504631886884447
,,,,,,,,,,,,,,,,,,,,,,,,,,,,,,,O,,,,,,X,X,,,,1,58.839652809502056
,,,,,,,,,,,,,,,,,,,,,,,,,,,,,,,O,,,,,O,X,X,,,,2,28.056872037914694
,,,,,,,,,,,,,,,,,,,,,,,,,,,,,,X,O,,,,,O,X,X,,,,2,40.947630922693264
,,,,,,,,,,,,,,,,,,,,,,,O,,,,,,,X,O,,,,,O,X,X,,,,4,41.54540893125941
,,,,,,,,,,,,,,,,,,,,,,,O,,,,,,,X,O,,,,,O,X,X,X,,,5,27.421916357861303
,,,,,,,,,,,,,,,,,,,,,,,O,,,,,,,X,O,,,,,O,X,X,X,O,,4,52.41239207719654
,,,,,,,,,,,,,,,,,,,,,,,O,,,,,,,X,O,X,,,,O,X,X,X,O,,4,17.732115677321154
,,,,,,,,,,,,,,,,,,,,,,,O,,O,,,,,X,O,X,,,,O,X,X,X,O,,4,67.32120711037619
,,,,,,,,,,,,,,,,,,X,,,,,O,,O,,,,,X,O,X,,,,O,X,X,X,O,,3,14.159163520185885
,,,,,,,,,,,,,,,,,,X,,,,,O,O,O,,,,,X,O,X,,,,O,X,X,X,O,,3,71.19951040391676
,,,,,,,,,,,,,,,,,X,X,,,,,O,O,O,,,,,X,O,X,,,,O,X,X,X,O,,3,19.03475810239549
,,,,,,,,,,O,,,,,,,X,X,,,,,O,O,O,,,,,X,O,X,,,,O,X,X,X,O,,3,73.37502201867183
,,,X,,,,,,,O,,,,,,,X,X,,,,,O,O,O,,,,,X,O,X,,,,O,X,X,X,O,,2,10.257787325456498
,,,X,,,,,,,O,,,,,,O,X,X,,,,,O,O,O,,,,,X,O,X,,,,O,X,X,X,O,,2,82.67303927214097
,,,X,,,,,,X,O,,,,,,O,X,X,,,,,O,O,O,,,,,X,O,X,,,,O,X,X,X,O,,4,8.870087336244541
,,,X,,,,,,X,O,O,,,,,O,X,X,,,,,O,O,O,,,,,X,O,X,,,,O,X,X,X,O,,0,75.59244791666667
,,,X,,,,,,X,O,O,,,,,O,X,X,,,,,O,O,O,,,,,X,O,X,,,X,O,X,X,X,O,,1,9.720045962603155
,,,X,,,,,,X,O,O,,,,,O,X,X,,,,,O,O,O,,,,O,X,O,X,,,X,O,X,X,X,O,,1,78.29974582425562
,,,X,,,,,,X,O,O,,,,,O,X,X,,,,X,O,O,O,,,,O,X,O,X,,,X,O,X,X,X,O,,1,22.160756154747947
,,,X,,,,,,X,O,O,,,,O,O,X,X,,,,X,O,O,O,,,,O,X,O,X,,,X,O,X,X,X,O,,2,72.59275618374559
,,X,X,,,,,,X,O,O,,,,O,O,X,X,,,,X,O,O,O,,,,O,X,O,X,,,X,O,X,X,X,O,,1,24.64859079557617
,,X,X,,,,,O,X,O,O,,,,O,O,X,X,,,,X,O,O,O,,,,O,X,O,X,,,X,O,X,X,X,O,,0,80.00569175102655
,,X,X,,,,,O,X,O,O,,,,O,O,X,X,,,,X,O,O,O,,,X,O,X,O,X,,,X,O,X,X,X,O,,4,9.680701584379088
,,X,X,O,,,,O,X,O,O,,,,O,O,X,X,,,,X,O,O,O,,,X,O,X,O,X,,,X,O,X,X,X,O,,6,95.6779661016949
,,X,X,O,,,,O,X,O,O,,,,O,O,X,X,,,,X,O,O,O,,,X,O,X,O,X,,,X,O,X,X,X,O,X,1,1.9502510802288917
,O,X,X,O,,,,O,X,O,O,,,,O,O,X,X,,,,X,O,O,O,,,X,O,X,O,X,,,X,O,X,X,X,O,X,6,98.96044094048699
,O,X,X,O,,,,O,X,O,O,,,,O,O,X,X,,,,X,O,O,O,,,X,O,X,O,X,,X,X,O,X,X,X,O,X,5,0.9309542280837859
,O,X,X,O,,,,O,X,O,O,,,,O,O,X,X,,,,X,O,O,O,,,X,O,X,O,X,O,X,X,O,X,X,X,O,X,5,99.2530821609623
,O,X,X,O,,,,O,X,O,O,,,,O,O,X,X,,,,X,O,O,O,X,,X,O,X,O,X,O,X,X,O,X,X,X,O,X,5,0.8499271491015056
,O,X,X,O,,,,O,X,O,O,,,,O,O,X,X,O,,,X,O,O,O,X,,X,O,X,O,X,O,X,X,O,X,X,X,O,X,6,99.32242791937176
,O,X,X,O,,,,O,X,O,O,,,,O,O,X,X,O,,,X,O,O,O,X,X,X,O,X,O,X,O,X,X,O,X,X,X,O,X,6,0.454880353653458
,O,X,X,O,,,,O,X,O,O,,,,O,O,X,X,O,O,,X,O,O,O,X,X,X,O,X,O,X,O,X,X,O,X,X,X,O,X,6,99.69098400387784
,O,X,X,O,,,,O,X,O,O,,X,,O,O,X,X,O,O,,X,O,O,O,X,X,X,O,X,O,X,O,X,X,O,X,X,X,O,X,6,0.32564300695441
,O,X,X,O,,O,,O,X,O,O,,X,,O,O,X,X,O,O,,X,O,O,O,X,X,X,O,X,O,X,O,X,X,O,X,X,X,O,X,5,99.87897532441336
,O,X,X,O,,O,,O,X,O,O,X,X,,O,O,X,X,O,O,,X,O,O,O,X,X,X,O,X,O,X,O,X,X,O,X,X,X,O,X,5,0.057517542850569425
,O,X,X,O,O,O,,O,X,O,O,X,X,,O,O,X,X,O,O,,X,O,O,O,X,X,X,O,X,O,X,O,X,X,O,X,X,X,O,X,0,100.0
,O,X,X,O,O,O,,O,X,O,O,X,X,,O,O,X,X,O,O,X,X,O,O,O,X,X,X,O,X,O,X,O,X,X,O,X,X,X,O,X,0,0.0
,O,X,X,O,O,O,,O,X,O,O,X,X,O,O,O,X,X,O,O,X,X,O,O,O,X,X,X,O,X,O,X,O,X,X,O,X,X,X,O,X,0,100.0
,O,X,X,O,O,O,X,O,X,O,O,X,X,O,O,O,X,X,O,O,X,X,O,O,O,X,X,X,O,X,O,X,O,X,X,O,X,X,X,O,X,0,0.0
,,,,,,,,,,,,,,,,,,,,,,,,,,,,,,,,,,,,,,,,,,3,17.748562037797864
,,,,,,,,,,,,,,,,,,,,,,,,,,,,,,,,,,,,,,X,,,,3,27.783251231527096
,,,,,,,,,,,,,,,,,,,,,,,,,,,,,,,O,,,,,,,X,,,,2,16.57250470809793
,,,,,,,,,,,,,,,,,,,,,,,,,,,,,,,O,,,,,,X,X,,,,1,60.56201550387597
,,,,,,,,,,,,,,,,,,,,,,,,,,,,,,,O,,,,,O,X,X,,,,2,28.090428090428087
,,,,,,,,,,,,,,,,,,,,,,,,,,,,,,X,O,,,,,O,X,X,,,,2,42.21076746849943
,,,,,,,,,,,,,,,,,,,,,,,O,,,,,,,X,O,,,,,O,X,X,,,,4,43.15789473684211
,,,,,,,,,,,,,,,,,,,,,,,O,,,,,,,X,O,,,,,O,X,X,X,,,5,26.891166422645192
,,,,,,,,,,,,,,,,,,,,,,,O,,,,,,,X,O,,,,,O,X,X,X,O,,4,52.492370295015256
,,,,,,,,,,,,,,,,,,,,,,,O,,,,,,,X,O,X,,,,O,X,X,X,O,,4,18.299445471349355
,,,,,,,,,,,,,,,,,,,,,,,O,,O,,,,,X,O,X,,,,O,X,X,X,O,,4,65.66608238387379
,,,,,,,,,,,,,,,,,,X,,,,,O,,O,,,,,X,O,X,,,,O,X,X,X,O,,3,14.513677811550153
,,,,,,,,,,,,,,,,,,X,,,,,O,O,O,,,,,X,O,X,,,,O,X,X,X,O,,3,73.05382305382305
,,,,,,,,,,,,,,,,,X,X,,,,,O,O,O,,,,,X,O,X,,,,O,X,X,X,O,,3,17.61031366294524
,,,,,,,,,,O,,,,,,,X,X,,,,,O,O,O,,,,,X,O,X,,,,O,X,X,X,O,,2,72.88416075650119
,,,,,,,,,,O,,,,,,X,X,X,,,,,O,O,O,,,,,X,O,X,,,,O,X,X,X,O,,3,13.219844357976655
,,,O,,,,,,,O,,,,,,X,X,X,,,,,O,O,O,,,,,X,O,X,,,,O,X,X,X,O,,0,72.29183841714757
,,,O,,,,,,,O,,,,,,X,X,X,,,,,O,O,O,,,,,X,O,X,,,X,O,X,X,X,O,,4,17.52492828848518
,,,O,,,,,,,O,O,,,,,X,X,X,,,,,O,O,O,,,,,X,O,X,,,X,O,X,X,X,O,,2,77.20981058766392
,,,O,,,,,,X,O,O,,,,,X,X,X,,,,,O,O,O,,,,,X,O,X,,,X,O,X,X,X,O,,2,22.9171320080411
,,O,O,,,,,,X,O,O,,,,,X,X,X,,,,,O,O,O,,,,,X,O,X,,,X,O,X,X,X,O,,4,77.55539082447905
,,O,O,X,,,,,X,O,O,,,,,X,X,X,,,,,O,O,O,,,,,X,O,X,,,X,O,X,X,X,O,,5,11.001410437235542
,,O,O,X,,,,,X,O,O,,,,,X,X,X,,,,,O,O,O,,,,,X,O,X,O,,X,O,X,X,X,O,,5,92.9506786465303
,,O,O,X,,,,,X,O,O,,,,,X,X,X,,,,,O,O,O,X,,,,X,O,X,O,,X,O,X,X,X,O,,5,5.127173213135866
,,O,O,X,,,,,X,O,O,,,,,X,X,X,O,,,,O,O,O,X,,,,X,O,X,O,,X,O,X,X,X,O,,6,94.79723109017922
,,O,O,X,,,,,X,O,O,,,,,X,X,X,O,,,,O,O,O,X,,,,X,O,X,O,,X,O,X,X,X,O,X,5,2.1922689596405607
,,O,O,X,,,,,X,O,O,O,,,,X,X,X,O,,,,O,O,O,X,,,,X,O,X,O,,X,O,X,X,X,O,X,0,98.42561252057261
,,O,O,X,,,,,X,O,O,O,,,,X,X,X,O,,,,O,O,O,X,,X,,X,O,X,O,,X,O,X,X,X,O,X,5,1.1050482171659974
,,O,O,X,O,,,,X,O,O,O,,,,X,X,X,O,,,,O,O,O,X,,X,,X,O,X,O,,X,O,X,X,X,O,X,0,99.6429331145349
,,O,O,X,O,,,,X,O,O,O,,,,X,X,X,O,,X,,O,O,O,X,,X,,X,O,X,O,,X,O,X,X,X,O,X,0,0.3148332931906548
,,O,O,X,O,,,,X,O,O,O,,O,,X,X,X,O,,X,,O,O,O,X,,X,,X,O,X,O,,X,O,X,X,X,O,X,0,99.72617891442755
,,O,O,X,O,,X,,X,O,O,O,,O,,X,X,X,O,,X,,O,O,O,X,,X,,X,O,X,O,,X,O,X,X,X,O,X,0,0.1974854524075135
O,,O,O,X,O,,X,,X,O,O,O,,O,,X,X,X,O,,X,,O,O,O,X,,X,,X,O,X,O,,X,O,X,X,X,O,X,6,100.0
O,,O,O,X,O,,X,,X,O,O,O,,O,,X,X,X,O,,X,,O,O,O,X,,X,,X,O,X,O,X,X,O,X,X,X,O,X,6,0.0
,,,,,,,,,,,,,,,,,,,,,,,,,,,,,,,,,,,,,,,,,,3,19.19406150583245
,,,,,,,,,,,,,,,,,,,,,,,,,,,,,,,,,,,,,,X,,,,3,28.831417624521073
,,,,,,,,,,,,,,,,,,,,,,,,,,,,,,,O,,,,,,,X,,,,2,16.427579824155483
,,,,,,,,,,,,,,,,,,,,,,,,,,,,,,,O,,,,,,X,X,,,,1,59.406392694063925
,,,,,,,,,,,,,,,,,,,,,,,,,,,,,,,O,,,,,O,X,X,,,,2,28.57142857142857
,,,,,,,,,,,,,,,,,,,,,,,,,,,,,,X,O,,,,,O,X,X,,,,2,41.17938553022795
,,,,,,,,,,,,,,,,,,,,,,,O,,,,,,,X,O,,,,,O,X,X,,,,4,41.98717948717949
,,,,,,,,,,,,,,,,,,,,,,,O,,,,,,,X,O,,,,,O,X,X,X,,,5,27.139364303178482
,,,,,,,,,,,,,,,,,,,,,,,O,,,,,,,X,O,,,,,O,X,X,X,O,,4,52.10991167811579
,,,,,,,,,,,,,,,,,,,,,,,O,,,,,,,X,O,X,,,,O,X,X,X,O,,4,18.38959212376934
,,,,,,,,,,,,,,,,,,,,,,,O,,O,,,,,X,O,X,,,,O,X,X,X,O,,4,66.16715913887717
,,,,,,,,,,,,,,,,,,X,,,,,O,,O,,,,,X,O,X,,,,O,X,X,X,O,,3,13.647528400368437
,,,,,,,,,,,,,,,,,,X,,,,,O,O,O,,,,,X,O,X,,,,O,X,X,X,O,,3,71.72421948912016
,,,,,,,,,,,,,,,,,X,X,,,,,O,O,O,,,,,X,O,X,,,,O,X,X,X,O,,3,19.33650268706077
,,,,,,,,,,O,,,,,,,X,X,,,,,O,O,O,,,,,X,O,X,,,,O,X,X,X,O,,2,72.93140319131436
,,,,,,,,,,O,,,,,,X,X,X,,,,,O,O,O,,,,,X,O,X,,,,O,X,X,X,O,,3,15.184666549973743
,,,O,,,,,,,O,,,,,,X,X,X,,,,,O,O,O,,,,,X,O,X,,,,O,X,X,X,O,,6,71.28388668900396
,,,O,,,,,,,O,,,,,,X,X,X,,,,,O,O,O,,,,,X,O,X,,,,O,X,X,X,O,X,4,16.47610671357373
,,,O,,,,,,,O,O,,,,,X,X,X,,,,,O,O,O,,,,,X,O,X,,,,O,X,X,X,O,X,2,82.62151829601311
,,,O,,,,,,X,O,O,,,,,X,X,X,,,,,O,O,O,,,,,X,O,X,,,,O,X,X,X,O,X,5,8.632277210439034
,,,O,,,,,,X,O,O,,,,,X,X,X,,,,,O,O,O,,,,,X,O,X,O,,,O,X,X,X,O,X,5,89.52369592875317
,,,O,,,,,,X,O,O,,,,,X,X,X,,,,,O,O,O,X,,,,X,O,X,O,,,O,X,X,X,O,X,5,9.154480037140205
,,,O,,,,,,X,O,O,,,,,X,X,X,O,,,,O,O,O,X,,,,X,O,X,O,,,O,X,X,X,O,X,2,85.47082158889236
,,X,O,,,,,,X,O,O,,,,,X,X,X,O,,,,O,O,O,X,,,,X,O,X,O,,,O,X,X,X,O,X,4,4.093611446997179
,,X,O,O,,,,,X,O,O,,,,,X,X,X,O,,,,O,O,O,X,,,,X,O,X,O,,,O,X,X,X,O,X,0,95.79563731403297
,,X,O,O,,,,,X,O,O,,,,,X,X,X,O,,,,O,O,O,X,,,,X,O,X,O,,X,O,X,X,X,O,X,5,2.0129674306393244
,,X,O,O,,,,,X,O,O,O,,,,X,X,X,O,,,,O,O,O,X,,,,X,O,X,O,,X,O,X,X,X,O,X,0,98.38423098278733
,,X,O,O,,,,,X,O,O,O,,,,X,X,X,O,,,,O,O,O,X,,X,,X,O,X,O,,X,O,X,X,X,O,X,5,1.1600464744753467
,,X,O,O,O,,,,X,O,O,O,,,,X,X,X,O,,,,O,O,O,X,,X,,X,O,X,O,,X,O,X,X,X,O,X,0,99.70381595261055
,,X,O,O,O,,,,X,O,O,O,,,,X,X,X,O,,X,,O,O,O,X,,X,,X,O,X,O,,X,O,X,X,X,O,X,0,0.37070040990910713
,,X,O,O,O,,,,X,O,O,O,,O,,X,X,X,O,,X,,O,O,O,X,,X,,X,O,X,O,,X,O,X,X,X,O,X,0,99.81055926200477
,,X,O,O,O,,X,,X,O,O,O,,O,,X,X,X,O,,X,,O,O,O,X,,X,,X,O,X,O,,X,O,X,X,X,O,X,0,0.2580765523460091
O,,X,O,O,O,,X,,X,O,O,O,,O,,X,X,X,O,,X,,O,O,O,X,,X,,X,O,X,O,,X,O,X,X,X,O,X,1,100.0
O,,X,O,O,O,,X,,X,O,O,O,,O,,X,X,X,O,,X,,O,O,O,X,,X,X,X,O,X,O,,X,O,X,X,X,O,X,1,0.0
,,,,,,,,,,,,,,,,,,,,,,,,,,,,,,,,,,,,,,,,,,3,18.438287153652393
,,,,,,,,,,,,,,,,,,,,,,,,,,,,,,,,,,,,,,X,,,,3,33.048561151079134
,,,,,,,,,,,,,,,,,,,,,,,,,,,,,,,O,,,,,,,X,,,,2,19.543744120413923
,,,,,,,,,,,,,,,,,,,,,,,,,,,,,,,O,,,,,,X,X,,,,1,52.16637781629117
,,,,,,,,,,,,,,,,,,,,,,,,,,,,,,,O,,,,,O,X,X,,,,2,30.985538296732727
,,,,,,,,,,,,,,,,,,,,,,,,,,,,,,X,O,,,,,O,X,X,,,,2,38.68427148482743
,,,,,,,,,,,,,,,,,,,,,,,O,,,,,,,X,O,,,,,O,X,X,,,,3,38.102225483003174
,,,,,,,,,,,,,,,,,,,,,,,O,X,,,,,,X,O,,,,,O,X,X,,,,3,42.74676453544524
,,,,,,,,,,,,,,,,,O,,,,,,O,X,,,,,,X,O,,,,,O,X,X,,,,5,60.18386108273749
,,,,,,,,,,,,,,,,,O,,,,,,O,X,,,,,,X,O,,,,,O,X,X,,X,,4,16.082843262592686
,,,,,,,,,,,,,,,,,O,,,,,,O,X,,,,,,X,O,,,,,O,X,X,O,X,,0,73.92817059483725
,,,,,,,,,,,,,,,,,O,,,,,,O,X,,,,,,X,O,,,,X,O,X,X,O,X,,4,8.46054611911417
,,,,,,,,,,,,,,,,,O,,,,,,O,X,,,,,,X,O,O,,,X,O,X,X,O,X,,0,86.71408903166589
,,,,,,,,,,,,,,,,,O,,,,,,O,X,,,,X,,X,O,O,,,X,O,X,X,O,X,,4,1.9452943056760583
,,,,,,,,,,,,,,,,,O,,,,,,O,X,O,,,X,,X,O,O,,,X,O,X,X,O,X,,4,99.11396927474098
,,,,,,,,,,,,,,,,,O,X,,,,,O,X,O,,,X,,X,O,O,,,X,O,X,X,O,X,,5,1.1690256509347374
,,,,,,,,,,,,,,,,,O,X,,,,,O,X,O,,,X,,X,O,O,O,,X,O,X,X,O,X,,4,100.0
,,,,,,,,,,,X,,,,,,O,X,,,,,O,X,O,,,X,,X,O,O,O,,X,O,X,X,O,X,,6,0.0
,,,,,,,,,,,,,,,,,,,,,,,,,,,,,,,,,,,,,,,,,,3,18.833162743091094
,,,,,,,,,,,,,,,,,,,,,,,,,,,,,,,,,,,,,,X,,,,3,28.166519043401237
,,,,,,,,,,,,,,,,,,,,,,,,,,,,,,,O,,,,,,,X,,,,2,15.400933389902418
,,,,,,,,,,,,,,,,,,,,,,,,,,,,,,,O,,,,,,X,X,,,,1,58.74183006535948
,,,,,,,,,,,,,,,,,,,,,,,,,,,,,,,O,,,,,O,X,X,,,,2,29.411764705882355
,,,,,,,,,,,,,,,,,,,,,,,,,,,,,,X,O,,,,,O,X,X,,,,2,41.160832964111655
,,,,,,,,,,,,,,,,,,,,,,,O,,,,,,,X,O,,,,,O,X,X,,,,4,42.18164794007491
,,,,,,,,,,,,,,,,,,,,,,,O,,,,,,,X,O,,,,,O,X,X,X,,,5,28.982630272952854
,,,,,,,,,,,,,,,,,,,,,,,O,,,,,,,X,O,,,,,O,X,X,X,O,,4,52.09276018099548
,,,,,,,,,,,,,,,,,,,,,,,O,,,,,,,X,O,X,,,,O,X,X,X,O,,4,18.058925476603118
,,,,,,,,,,,,,,,,,,,,,,,O,,O,,,,,X,O,X,,,,O,X,X,X,O,,4,68.52477477477478
,,,,,,,,,,,,,,,,,,X,,,,,O,,O,,,,,X,O,X,,,,O,X,X,X,O,,3,14.012150026413101
,,,,,,,,,,,,,,,,,,X,,,,,O,O,O,,,,,X,O,X,,,,O,X,X,X,O,,3,70.06287843502562
,,,,,,,,,,,,,,,,,X,X,,,,,O,O,O,,,,,X,O,X,,,,O,X,X,X,O,,3,17.77131292689097
,,,,,,,,,,O,,,,,,,X,X,,,,,O,O,O,,,,,X,O,X,,,,O,X,X,X,O,,2,72.91666666666666
,,,,,,,,,,O,,,,,,X,X,X,,,,,O,O,O,,,,,X,O,X,,,,O,X,X,X,O,,3,15.149532710280376
,,,O,,,,,,,O,,,,,,X,X,X,,,,,O,O,O,,,,,X,O,X,,,,O,X,X,X,O,,6,72.2785198833103
,,,O,,,,,,,O,,,,,,X,X,X,,,,,O,O,O,,,,,X,O,X,,,,O,X,X,X,O,X,4,16.443671394166444
,,,O,,,,,,,O,O,,,,,X,X,X,,,,,O,O,O,,,,,X,O,X,,,,O,X,X,X,O,X,2,82.53658536585365
,,,O,,,,,,X,O,O,,,,,X,X,X,,,,,O,O,O,,,,,X,O,X,,,,O,X,X,X,O,X,5,8.604016860897595
,,,O,,,,,,X,O,O,,,,,X,X,X,,,,,O,O,O,,,,,X,O,X,O,,,O,X,X,X,O,X,5,90.32847928718665
,,,O,,,,,,X,O,O,,,,,X,X,X,,,,,O,O,O,X,,,,X,O,X,O,,,O,X,X,X,O,X,5,8.737155219037318
,,,O,,,,,,X,O,O,,,,,X,X,X,O,,,,O,O,O,X,,,,X,O,X,O,,,O,X,X,X,O,X,0,85.06339941632284
,,,O,,,,,,X,O,O,,,,,X,X,X,O,,,,O,O,O,X,,,,X,O,X,O,,X,O,X,X,X,O,X,2,5.954224746171056
,,O,O,,,,,,X,O,O,,,,,X,X,X,O,,,,O,O,O,X,,,,X,O,X,O,,X,O,X,X,X,O,X,4,94.45700334569129
,,O,O,X,,,,,X,O,O,,,,,X,X,X,O,,,,O,O,O,X,,,,X,O,X,O,,X,O,X,X,X,O,X,5,2.1612697459757606
,,O,O,X,,,,,X,O,O,O,,,,X,X,X,O,,,,O,O,O,X,,,,X,O,X,O,,X,O,X,X,X,O,X,0,98.28713574982231
,,O,O,X,,,,,X,O,O,O,,,,X,X,X,O,,,,O,O,O,X,,X,,X,O,X,O,,X,O,X,X,X,O,X,5,1.097910965761196
,,O,O,X,O,,,,X,O,O,O,,,,X,X,X,O,,,,O,O,O,X,,X,,X,O,X,O,,X,O,X,X,X,O,X,0,99.63115402881114
,,O,O,X,O,,,,X,O,O,O,,,,X,X,X,O,,X,,O,O,O,X,,X,,X,O,X,O,,X,O,X,X,X,O,X,0,0.3087327256689209
,,O,O,X,O,,,,X,O,O,O,,O,,X,X,X,O,,X,,O,O,O,X,,X,,X,O,X,O,,X,O,X,X,X,O,X,0,99.70800697462013
,,O,O,X,O,,X,,X,O,O,O,,O,,X,X,X,O,,X,,O,O,O,X,,X,,X,O,X,O,,X,O,X,X,X,O,X,0,0.18641318268491902
O,,O,O,X,O,,X,,X,O,O,O,,O,,X,X,X,O,,X,,O,O,O,X,,X,,X,O,X,O,,X,O,X,X,X,O,X,1,100.0
O,,O,O,X,O,,X,,X,O,O,O,,O,,X,X,X,O,,X,,O,O,O,X,,X,X,X,O,X,O,,X,O,X,X,X,O,X,1,0.0
,,,,,,,,,,,,,,,,,,,,,,,,,,,,,,,,,,,,,,,,,,3,18.775100401606426
,,,,,,,,,,,,,,,,,,,,,,,,,,,,,,,,,,,,,,X,,,,3,26.75397567820393
,,,,,,,,,,,,,,,,,,,,,,,,,,,,,,,O,,,,,,,X,,,,2,15.43859649122807
,,,,,,,,,,,,,,,,,,,,,,,,,,,,,,,O,,,,,,X,X,,,,1,60.32874278098623
,,,,,,,,,,,,,,,,,,,,,,,,,,,,,,,O,,,,,O,X,X,,,,2,27.985579089680034
,,,,,,,,,,,,,,,,,,,,,,,,,,,,,,X,O,,,,,O,X,X,,,,2,42.66144814090019
,,,,,,,,,,,,,,,,,,,,,,,O,,,,,,,X,O,,,,,O,X,X,,,,4,43.91072295002426
,,,,,,,,,,,,,,,,,,,,,,,O,,,,,,,X,O,,,,,O,X,X,X,,,5,30.127877237851663
,,,,,,,,,,,,,,,,,,,,,,,O,,,,,,,X,O,,,,,O,X,X,X,O,,4,51.605879150789335
,,,,,,,,,,,,,,,,,,,,,,,O,,,,,,,X,O,X,,,,O,X,X,X,O,,4,17.90993468545892
,,,,,,,,,,,,,,,,,,,,,,,O,,O,,,,,X,O,X,,,,O,X,X,X,O,,4,65.56306306306307
,,,,,,,,,,,,,,,,,,X,,,,,O,,O,,,,,X,O,X,,,,O,X,X,X,O,,3,14.392386530014642
,,,,,,,,,,,,,,,,,,X,,,,,O,O,O,,,,,X,O,X,,,,O,X,X,X,O,,3,69.96314496314497
,,,,,,,,,,,,,,,,,X,X,,,,,O,O,O,,,,,X,O,X,,,,O,X,X,X,O,,3,19.46564885496183
,,,,,,,,,,O,,,,,,,X,X,,,,,O,O,O,,,,,X,O,X,,,,O,X,X,X,O,,2,72.96921061251228
,,,,,,,,,,O,,,,,,X,X,X,,,,,O,O,O,,,,,X,O,X,,,,O,X,X,X,O,,3,14.217699775952203
,,,O,,,,,,,O,,,,,,X,X,X,,,,,O,O,O,,,,,X,O,X,,,,O,X,X,X,O,,0,71.85153583617748
,,,O,,,,,,,O,,,,,,X,X,X,,,,,O,O,O,,,,,X,O,X,,,X,O,X,X,X,O,,4,17.220626453289565
,,,O,,,,,,,O,O,,,,,X,X,X,,,,,O,O,O,,,,,X,O,X,,,X,O,X,X,X,O,,2,77.39254333887438
,,,O,,,,,,X,O,O,,,,,X,X,X,,,,,O,O,O,,,,,X,O,X,,,X,O,X,X,X,O,,2,22.618635261517145
,,O,O,,,,,,X,O,O,,,,,X,X,X,,,,,O,O,O,,,,,X,O,X,,,X,O,X,X,X,O,,4,78.035413153457
,,O,O,X,,,,,X,O,O,,,,,X,X,X,,,,,O,O,O,,,,,X,O,X,,,X,O,X,X,X,O,,5,10.638605626672453
,,O,O,X,,,,,X,O,O,,,,,X,X,X,,,,,O,O,O,,,,,X,O,X,O,,X,O,X,X,X,O,,5,92.3963253230913
,,O,O,X,,,,,X,O,O,,,,,X,X,X,,,,,O,O,O,X,,,,X,O,X,O,,X,O,X,X,X,O,,5,4.991339946465124
,,O,O,X,,,,,X,O,O,,,,,X,X,X,O,,,,O,O,O,X,,,,X,O,X,O,,X,O,X,X,X,O,,6,94.84004446640316
,,O,O,X,,,,,X,O,O,,,,,X,X,X,O,,,,O,O,O,X,,,,X,O,X,O,,X,O,X,X,X,O,X,5,2.1722761840222873
,,O,O,X,,,,,X,O,O,O,,,,X,X,X,O,,,,O,O,O,X,,,,X,O,X,O,,X,O,X,X,X,O,X,0,98.24318917542647
,,O,O,X,,,,,X,O,O,O,,,,X,X,X,O,,,,O,O,O,X,,X,,X,O,X,O,,X,O,X,X,X,O,X,5,1.1514895415170083
,,O,O,X,O,,,,X,O,O,O,,,,X,X,X,O,,,,O,O,O,X,,X,,X,O,X,O,,X,O,X,X,X,O,X,0,99.62212356390009
,,O,O,X,O,,,,X,O,O,O,,,,X,X,X,O,,X,,O,O,O,X,,X,,X,O,X,O,,X,O,X,X,X,O,X,0,0.3153258366979212
,,O,O,X,O,,,,X,O,O,O,,O,,X,X,X,O,,X,,O,O,O,X,,X,,X,O,X,O,,X,O,X,X,X,O,X,0,99.71103202846975
,,O,O,X,O,,X,,X,O,O,O,,O,,X,X,X,O,,X,,O,O,O,X,,X,,X,O,X,O,,X,O,X,X,X,O,X,0,0.19140853302162478
O,,O,O,X,O,,X,,X,O,O,O,,O,,X,X,X,O,,X,,O,O,O,X,,X,,X,O,X,O,,X,O,X,X,X,O,X,6,100.0
O,,O,O,X,O,,X,,X,O,O,O,,O,,X,X,X,O,,X,,O,O,O,X,,X,,X,O,X,O,X,X,O,X,X,X,O,X,6,0.0
,,,,,,,,,,,,,,,,,,,,,,,,,,,,,,,,,,,,,,,,,,3,18.25726141078838
,,,,,,,,,,,,,,,,,,,,,,,,,,,,,,,,,,,,,,X,,,,3,28.824626865671643
,,,,,,,,,,,,,,,,,,,,,,,,,,,,,,,O,,,,,,,X,,,,2,14.327855035819637
,,,,,,,,,,,,,,,,,,,,,,,,,,,,,,,O,,,,,,X,X,,,,1,59.17774086378738
,,,,,,,,,,,,,,,,,,,,,,,,,,,,,,,O,,,,,O,X,X,,,,2,29.8876404494382
,,,,,,,,,,,,,,,,,,,,,,,,,,,,,,X,O,,,,,O,X,X,,,,2,41.30808950086058
,,,,,,,,,,,,,,,,,,,,,,,O,,,,,,,X,O,,,,,O,X,X,,,,4,43.22781525687597
,,,,,,,,,,,,,,,,,,,,,,,O,,,,,,,X,O,,,,,O,X,X,X,,,5,28.043071161048687
,,,,,,,,,,,,,,,,,,,,,,,O,,,,,,,X,O,,,,,O,X,X,X,O,,4,53.94736842105263
,,,,,,,,,,,,,,,,,,,,,,,O,,,,,,,X,O,X,,,,O,X,X,X,O,,4,16.941731222633884
,,,,,,,,,,,,,,,,,,,,,,,O,,O,,,,,X,O,X,,,,O,X,X,X,O,,4,68.9010989010989
,,,,,,,,,,,,,,,,,,X,,,,,O,,O,,,,,X,O,X,,,,O,X,X,X,O,,3,14.864237642144348
,,,,,,,,,,,,,,,,,,X,,,,,O,O,O,,,,,X,O,X,,,,O,X,X,X,O,,3,71.41158668396022
,,,,,,,,,,,,,,,,,X,X,,,,,O,O,O,,,,,X,O,X,,,,O,X,X,X,O,,3,18.023365366497078
,,,,,,,,,,O,,,,,,,X,X,,,,,O,O,O,,,,,X,O,X,,,,O,X,X,X,O,,2,74.44220345392664
,,,,,,,,,,O,,,,,,X,X,X,,,,,O,O,O,,,,,X,O,X,,,,O,X,X,X,O,,3,15.230288836846215
,,,O,,,,,,,O,,,,,,X,X,X,,,,,O,O,O,,,,,X,O,X,,,,O,X,X,X,O,,0,72.4689524838013
,,,O,,,,,,,O,,,,,,X,X,X,,,,,O,O,O,,,,,X,O,X,,,X,O,X,X,X,O,,4,17.401175213675213
,,,O,,,,,,,O,O,,,,,X,X,X,,,,,O,O,O,,,,,X,O,X,,,X,O,X,X,X,O,,2,76.80200729927007
,,,O,,,,,,X,O,O,,,,,X,X,X,,,,,O,O,O,,,,,X,O,X,,,X,O,X,X,X,O,,2,22.966147232670608
,,O,O,,,,,,X,O,O,,,,,X,X,X,,,,,O,O,O,,,,,X,O,X,,,X,O,X,X,X,O,,4,76.01914051716206
,,O,O,X,,,,,X,O,O,,,,,X,X,X,,,,,O,O,O,,,,,X,O,X,,,X,O,X,X,X,O,,5,9.820407614179054
,,O,O,X,,,,,X,O,O,,,,,X,X,X,,,,,O,O,O,,,,,X,O,X,O,,X,O,X,X,X,O,,5,92.89920995930093
,,O,O,X,,,,,X,O,O,,,,,X,X,X,,,,,O,O,O,X,,,,X,O,X,O,,X,O,X,X,X,O,,5,4.638398622470943
,,O,O,X,,,,,X,O,O,,,,,X,X,X,O,,,,O,O,O,X,,,,X,O,X,O,,X,O,X,X,X,O,,6,94.87589579552794
,,O,O,X,,,,,X,O,O,,,,,X,X,X,O,,,,O,O,O,X,,,,X,O,X,O,,X,O,X,X,X,O,X,5,1.9353316025489735
,,O,O,X,,,,,X,O,O,O,,,,X,X,X,O,,,,O,O,O,X,,,,X,O,X,O,,X,O,X,X,X,O,X,0,98.47269598352847
,,O,O,X,,,,,X,O,O,O,,,,X,X,X,O,,,,O,O,O,X,,X,,X,O,X,O,,X,O,X,X,X,O,X,5,1.0360942015618273
,,O,O,X,O,,,,X,O,O,O,,,,X,X,X,O,,,,O,O,O,X,,X,,X,O,X,O,,X,O,X,X,X,O,X,0,99.65385072498218
,,O,O,X,O,,,,X,O,O,O,,,,X,X,X,O,,X,,O,O,O,X,,X,,X,O,X,O,,X,O,X,X,X,O,X,0,0.2851392150285139
,,O,O,X,O,,,,X,O,O,O,,O,,X,X,X,O,,X,,O,O,O,X,,X,,X,O,X,O,,X,O,X,X,X,O,X,0,99.72581647262217
,,O,O,X,O,,X,,X,O,O,O,,O,,X,X,X,O,,X,,O,O,O,X,,X,,X,O,X,O,,X,O,X,X,X,O,X,0,0.1781425668364519
O,,O,O,X,O,,X,,X,O,O,O,,O,,X,X,X,O,,X,,O,O,O,X,,X,,X,O,X,O,,X,O,X,X,X,O,X,1,100.0
O,,O,O,X,O,,X,,X,O,O,O,,O,,X,X,X,O,,X,,O,O,O,X,,X,X,X,O,X,O,,X,O,X,X,X,O,X,1,0.0
,,,,,,,,,,,,,,,,,,,,,,,,,,,,,,,,,,,,,,,,,,3,18.649193548387096
,,,,,,,,,,,,,,,,,,,,,,,,,,,,,,,,,,,,,,X,,,,3,30.026572187776797
,,,,,,,,,,,,,,,,,,,,,,,,,,,,,,,O,,,,,,,X,,,,2,16.511035653650254
,,,,,,,,,,,,,,,,,,,,,,,,,,,,,,,O,,,,,,X,X,,,,1,59.514783927217586
,,,,,,,,,,,,,,,,,,,,,,,,,,,,,,,O,,,,,O,X,X,,,,2,27.48299319727891
,,,,,,,,,,,,,,,,,,,,,,,,,,,,,,X,O,,,,,O,X,X,,,,2,40.251299826689774
,,,,,,,,,,,,,,,,,,,,,,,O,,,,,,,X,O,,,,,O,X,X,,,,4,42.368421052631575
,,,,,,,,,,,,,,,,,,,,,,,O,,,,,,,X,O,,,,,O,X,X,X,,,5,26.41869337148307
,,,,,,,,,,,,,,,,,,,,,,,O,,,,,,,X,O,,,,,O,X,X,X,O,,4,52.92726197516262
,,,,,,,,,,,,,,,,,,,,,,,O,,,,,,,X,O,X,,,,O,X,X,X,O,,4,19.7352587244284
,,,,,,,,,,,,,,,,,,,,,,,O,,O,,,,,X,O,X,,,,O,X,X,X,O,,4,67.17445742904842
,,,,,,,,,,,,,,,,,,X,,,,,O,,O,,,,,X,O,X,,,,O,X,X,X,O,,3,13.887009472259809
,,,,,,,,,,,,,,,,,,X,,,,,O,O,O,,,,,X,O,X,,,,O,X,X,X,O,,3,72.87101593625498
,,,,,,,,,,,,,,,,,X,X,,,,,O,O,O,,,,,X,O,X,,,,O,X,X,X,O,,3,16.857487194938233
,,,,,,,,,,O,,,,,,,X,X,,,,,O,O,O,,,,,X,O,X,,,,O,X,X,X,O,,3,72.4044734389562
,,,X,,,,,,,O,,,,,,,X,X,,,,,O,O,O,,,,,X,O,X,,,,O,X,X,X,O,,2,9.1636551368095
,,,X,,,,,,,O,,,,,,O,X,X,,,,,O,O,O,,,,,X,O,X,,,,O,X,X,X,O,,2,81.32326283987915
,,,X,,,,,,X,O,,,,,,O,X,X,,,,,O,O,O,,,,,X,O,X,,,,O,X,X,X,O,,1,6.18836291913215
,,,X,,,,,,X,O,,,,,,O,X,X,,,,,O,O,O,,,,O,X,O,X,,,,O,X,X,X,O,,1,82.79756733275413
,,,X,,,,,,X,O,,,,,,O,X,X,,,,X,O,O,O,,,,O,X,O,X,,,,O,X,X,X,O,,1,16.26427829698858
,,,X,,,,,,X,O,,,,,O,O,X,X,,,,X,O,O,O,,,,O,X,O,X,,,,O,X,X,X,O,,2,66.55432023111267
,,X,X,,,,,,X,O,,,,,O,O,X,X,,,,X,O,O,O,,,,O,X,O,X,,,,O,X,X,X,O,,1,33.8489886870072
,,X,X,,,,,O,X,O,,,,,O,O,X,X,,,,X,O,O,O,,,,O,X,O,X,,,,O,X,X,X,O,,1,55.90704647676162
,X,X,X,,,,,O,X,O,,,,,O,O,X,X,,,,X,O,O,O,,,,O,X,O,X,,,,O,X,X,X,O,,6,45.776566757493185
,X,X,X,,,,,O,X,O,,,,,O,O,X,X,,,,X,O,O,O,,,,O,X,O,X,,,,O,X,X,X,O,O,6,60.07685738684885
,X,X,X,,,,,O,X,O,,,,,O,O,X,X,,,,X,O,O,O,,,,O,X,O,X,,X,,O,X,X,X,O,O,0,15.44691929418571
,X,X,X,,,,,O,X,O,,,,,O,O,X,X,,,,X,O,O,O,,,,O,X,O,X,,X,O,O,X,X,X,O,O,6,88.93457367528396
,X,X,X,,,,,O,X,O,,,,,O,O,X,X,,,,X,O,O,O,,X,,O,X,O,X,,X,O,O,X,X,X,O,O,6,4.7915727343525845
,X,X,X,,,,,O,X,O,,,,,O,O,X,X,,O,,X,O,O,O,,X,,O,X,O,X,,X,O,O,X,X,X,O,O,6,96.09143713696834
,X,X,X,,,,,O,X,O,,,X,,O,O,X,X,,O,,X,O,O,O,,X,,O,X,O,X,,X,O,O,X,X,X,O,O,0,2.0339937361438576
,X,X,X,,,,,O,X,O,,,X,,O,O,X,X,,O,,X,O,O,O,,X,O,O,X,O,X,,X,O,O,X,X,X,O,O,6,98.68092949297098
,X,X,X,,,X,,O,X,O,,,X,,O,O,X,X,,O,,X,O,O,O,,X,O,O,X,O,X,,X,O,O,X,X,X,O,O,5,0.7979561124138171
,X,X,X,,,X,,O,X,O,,,X,,O,O,X,X,,O,,X,O,O,O,,X,O,O,X,O,X,O,X,O,O,X,X,X,O,O,5,99.38212771551582
,X,X,X,,,X,,O,X,O,,,X,,O,O,X,X,,O,,X,O,O,O,X,X,O,O,X,O,X,O,X,O,O,X,X,X,O,O,5,0.6338111598151878
,X,X,X,,,X,,O,X,O,,,X,,O,O,X,X,O,O,,X,O,O,O,X,X,O,O,X,O,X,O,X,O,O,X,X,X,O,O,4,99.5233344418579
,X,X,X,,,X,,O,X,O,X,,X,,O,O,X,X,O,O,,X,O,O,O,X,X,O,O,X,O,X,O,X,O,O,X,X,X,O,O,4,0.24539084950437506
,X,X,X,O,,X,,O,X,O,X,,X,,O,O,X,X,O,O,,X,O,O,O,X,X,O,O,X,O,X,O,X,O,O,X,X,X,O,O,5,99.88670920040546
,X,X,X,O,,X,,O,X,O,X,X,X,,O,O,X,X,O,O,,X,O,O,O,X,X,O,O,X,O,X,O,X,O,O,X,X,X,O,O,5,0.04979725403713453
,X,X,X,O,O,X,,O,X,O,X,X,X,,O,O,X,X,O,O,,X,O,O,O,X,X,O,O,X,O,X,O,X,O,O,X,X,X,O,O,0,100.0
,X,X,X,O,O,X,,O,X,O,X,X,X,,O,O,X,X,O,O,X,X,O,O,O,X,X,O,O,X,O,X,O,X,O,O,X,X,X,O,O,0,0.0
,X,X,X,O,O,X,,O,X,O,X,X,X,O,O,O,X,X,O,O,X,X,O,O,O,X,X,O,O,X,O,X,O,X,O,O,X,X,X,O,O,0,100.0
,X,X,X,O,O,X,X,O,X,O,X,X,X,O,O,O,X,X,O,O,X,X,O,O,O,X,X,O,O,X,O,X,O,X,O,O,X,X,X,O,O,0,0.0
,,,,,,,,,,,,,,,,,,,,,,,,,,,,,,,,,,,,,,,,,,3,18.817852834740652
,,,,,,,,,,,,,,,,,,,,,,,,,,,,,,,,,,,,,,X,,,,3,28.510182207931408
,,,,,,,,,,,,,,,,,,,,,,,,,,,,,,,O,,,,,,,X,,,,2,15.931863727454909
,,,,,,,,,,,,,,,,,,,,,,,,,,,,,,,O,,,,,,X,X,,,,1,58.011583011583014
,,,,,,,,,,,,,,,,,,,,,,,,,,,,,,,O,,,,,O,X,X,,,,2,28.692547969656403
,,,,,,,,,,,,,,,,,,,,,,,,,,,,,,X,O,,,,,O,X,X,,,,2,41.959935029778016
,,,,,,,,,,,,,,,,,,,,,,,O,,,,,,,X,O,,,,,O,X,X,,,,4,41.735918744229
,,,,,,,,,,,,,,,,,,,,,,,O,,,,,,,X,O,,,,,O,X,X,X,,,5,28.564049586776857
,,,,,,,,,,,,,,,,,,,,,,,O,,,,,,,X,O,,,,,O,X,X,X,O,,4,52.48335893497183
,,,,,,,,,,,,,,,,,,,,,,,O,,,,,,,X,O,X,,,,O,X,X,X,O,,4,20.513775130305287
,,,,,,,,,,,,,,,,,,,,,,,O,,O,,,,,X,O,X,,,,O,X,X,X,O,,4,68.04791830322074
,,,,,,,,,,,,,,,,,,X,,,,,O,,O,,,,,X,O,X,,,,O,X,X,X,O,,3,15.374428124247533
,,,,,,,,,,,,,,,,,,X,,,,,O,O,O,,,,,X,O,X,,,,O,X,X,X,O,,3,70.33028341887972
,,,,,,,,,,,,,,,,,X,X,,,,,O,O,O,,,,,X,O,X,,,,O,X,X,X,O,,3,18.496675959682605
,,,,,,,,,,O,,,,,,,X,X,,,,,O,O,O,,,,,X,O,X,,,,O,X,X,X,O,,2,72.685996495141
,,,,,,,,,,O,,,,,,X,X,X,,,,,O,O,O,,,,,X,O,X,,,,O,X,X,X,O,,3,16.017541251672366
,,,O,,,,,,,O,,,,,,X,X,X,,,,,O,O,O,,,,,X,O,X,,,,O,X,X,X,O,,0,70.38466405162596
,,,O,,,,,,,O,,,,,,X,X,X,,,,,O,O,O,,,,,X,O,X,,,X,O,X,X,X,O,,4,17.106784031297234
,,,O,,,,,,,O,O,,,,,X,X,X,,,,,O,O,O,,,,,X,O,X,,,X,O,X,X,X,O,,2,75.01862692921767
,,,O,,,,,,X,O,O,,,,,X,X,X,,,,,O,O,O,,,,,X,O,X,,,X,O,X,X,X,O,,2,23.690700710866096
,,O,O,,,,,,X,O,O,,,,,X,X,X,,,,,O,O,O,,,,,X,O,X,,,X,O,X,X,X,O,,0,78.97310513447434
,,O,O,,,,,,X,O,O,,,,,X,X,X,,,,,O,O,O,,,X,,X,O,X,,,X,O,X,X,X,O,,0,8.919088539152265
,,O,O,,,,,,X,O,O,,,,,X,X,X,,,O,,O,O,O,,,X,,X,O,X,,,X,O,X,X,X,O,,0,92.04840878529808
,,O,O,,,,,,X,O,O,,,X,,X,X,X,,,O,,O,O,O,,,X,,X,O,X,,,X,O,X,X,X,O,,4,3.001063668135542
,,O,O,O,,,,,X,O,O,,,X,,X,X,X,,,O,,O,O,O,,,X,,X,O,X,,,X,O,X,X,X,O,,0,98.48097769799075
,,O,O,O,,,X,,X,O,O,,,X,,X,X,X,,,O,,O,O,O,,,X,,X,O,X,,,X,O,X,X,X,O,,0,1.0519844251656534
O,,O,O,O,,,X,,X,O,O,,,X,,X,X,X,,,O,,O,O,O,,,X,,X,O,X,,,X,O,X,X,X,O,,6,99.63598202866231
O,,O,O,O,,,X,,X,O,O,,,X,,X,X,X,,,O,,O,O,O,,,X,,X,O,X,,,X,O,X,X,X,O,X,5,0.3852714546203164
O,,O,O,O,,,X,,X,O,O,,,X,,X,X,X,,,O,,O,O,O,,,X,,X,O,X,O,,X,O,X,X,X,O,X,5,99.89590863090936
O,,O,O,O,,,X,,X,O,O,,,X,,X,X,X,,,O,,O,O,O,X,,X,,X,O,X,O,,X,O,X,X,X,O,X,5,0.12260912211868563
O,,O,O,O,,,X,,X,O,O,,,X,,X,X,X,O,,O,,O,O,O,X,,X,,X,O,X,O,,X,O,X,X,X,O,X,6,100.0
O,,O,O,O,,,X,,X,O,O,,,X,,X,X,X,O,,O,,O,O,O,X,,X,,X,O,X,O,X,X,O,X,X,X,O,X,6,0.0
,,,,,,,,,,,,,,,,,,,,,,,,,,,,,,,,,,,,,,,,,,3,18.15068493150685
,,,,,,,,,,,,,,,,,,,,,,,,,,,,,,,,,,,,,,X,,,,3,27.623762376237625
,,,,,,,,,,,,,,,,,,,,,,,,,,,,,,,O,,,,,,,X,,,,2,16.07806691449814
,,,,,,,,,,,,,,,,,,,,,,,,,,,,,,,O,,,,,,X,X,,,,1,60.62630480167015
,,,,,,,,,,,,,,,,,,,,,,,,,,,,,,,O,,,,,O,X,X,,,,2,28.930232558139537
,,,,,,,,,,,,,,,,,,,,,,,,,,,,,,X,O,,,,,O,X,X,,,,2,41.52854511970534
,,,,,,,,,,,,,,,,,,,,,,,O,,,,,,,X,O,,,,,O,X,X,,,,4,42.40114340161982
,,,,,,,,,,,,,,,,,,,,,,,O,,,,,,,X,O,,,,,O,X,X,X,,,5,27.548076923076927
,,,,,,,,,,,,,,,,,,,,,,,O,,,,,,,X,O,,,,,O,X,X,X,O,,4,53.02351623740201
,,,,,,,,,,,,,,,,,,,,,,,O,,,,,,,X,O,X,,,,O,X,X,X,O,,4,19.3713163064833
,,,,,,,,,,,,,,,,,,,,,,,O,,O,,,,,X,O,X,,,,O,X,X,X,O,,4,68.52313167259787
,,,,,,,,,,,,,,,,,,X,,,,,O,,O,,,,,X,O,X,,,,O,X,X,X,O,,3,15.551039923499879
,,,,,,,,,,,,,,,,,,X,,,,,O,O,O,,,,,X,O,X,,,,O,X,X,X,O,,3,72.7451597670392
,,,,,,,,,,,,,,,,,X,X,,,,,O,O,O,,,,,X,O,X,,,,O,X,X,X,O,,3,16.379764623221497
,,,,,,,,,,O,,,,,,,X,X,,,,,O,O,O,,,,,X,O,X,,,,O,X,X,X,O,,2,74.68667148710533
,,,,,,,,,,O,,,,,,X,X,X,,,,,O,O,O,,,,,X,O,X,,,,O,X,X,X,O,,3,16.1430039641756
,,,O,,,,,,,O,,,,,,X,X,X,,,,,O,O,O,,,,,X,O,X,,,,O,X,X,X,O,,0,72.54640044994376
,,,O,,,,,,,O,,,,,,X,X,X,,,,,O,O,O,,,,,X,O,X,,,X,O,X,X,X,O,,4,17.374988272821092
,,,O,,,,,,,O,O,,,,,X,X,X,,,,,O,O,O,,,,,X,O,X,,,X,O,X,X,X,O,,2,75.93171435441212
,,,O,,,,,,X,O,O,,,,,X,X,X,,,,,O,O,O,,,,,X,O,X,,,X,O,X,X,X,O,,2,22.51624446746398
,,O,O,,,,,,X,O,O,,,,,X,X,X,,,,,O,O,O,,,,,X,O,X,,,X,O,X,X,X,O,,4,78.84937086333551
,,O,O,X,,,,,X,O,O,,,,,X,X,X,,,,,O,O,O,,,,,X,O,X,,,X,O,X,X,X,O,,5,9.754301399210014
,,O,O,X,,,,,X,O,O,,,,,X,X,X,,,,,O,O,O,,,,,X,O,X,O,,X,O,X,X,X,O,,5,93.56042525493599
,,O,O,X,,,,,X,O,O,,,,,X,X,X,,,,,O,O,O,X,,,,X,O,X,O,,X,O,X,X,X,O,,5,4.385251457231937
,,O,O,X,,,,,X,O,O,,,,,X,X,X,O,,,,O,O,O,X,,,,X,O,X,O,,X,O,X,X,X,O,,6,95.70595157615364
,,O,O,X,,,,,X,O,O,,,,,X,X,X,O,,,,O,O,O,X,,,,X,O,X,O,,X,O,X,X,X,O,X,5,1.94155456894838
,,O,O,X,,,,,X,O,O,O,,,,X,X,X,O,,,,O,O,O,X,,,,X,O,X,O,,X,O,X,X,X,O,X,0,98.40830675086258
,,O,O,X,,,,,X,O,O,O,,,,X,X,X,O,,,,O,O,O,X,,X,,X,O,X,O,,X,O,X,X,X,O,X,5,1.06202616678929
,,O,O,X,O,,,,X,O,O,O,,,,X,X,X,O,,,,O,O,O,X,,X,,X,O,X,O,,X,O,X,X,X,O,X,0,99.6570271658659
,,O,O,X,O,,,,X,O,O,O,,,,X,X,X,O,,X,,O,O,O,X,,X,,X,O,X,O,,X,O,X,X,X,O,X,0,0.2925623455051785
,,O,O,X,O,,,,X,O,O,O,,O,,X,X,X,O,,X,,O,O,O,X,,X,,X,O,X,O,,X,O,X,X,X,O,X,0,99.70611004386846
,,O,O,X,O,,X,,X,O,O,O,,O,,X,X,X,O,,X,,O,O,O,X,,X,,X,O,X,O,,X,O,X,X,X,O,X,0,0.18194752250403567
O,,O,O,X,O,,X,,X,O,O,O,,O,,X,X,X,O,,X,,O,O,O,X,,X,,X,O,X,O,,X,O,X,X,X,O,X,1,100.0
O,,O,O,X,O,,X,,X,O,O,O,,O,,X,X,X,O,,X,,O,O,O,X,,X,X,X,O,X,O,,X,O,X,X,X,O,X,1,0.0
,,,,,,,,,,,,,,,,,,,,,,,,,,,,,,,,,,,,,,,,,,3,18.775100401606426
,,,,,,,,,,,,,,,,,,,,,,,,,,,,,,,,,,,,,,X,,,,3,30.637254901960787
,,,,,,,,,,,,,,,,,,,,,,,,,,,,,,,O,,,,,,,X,,,,2,15.302963290579388
,,,,,,,,,,,,,,,,,,,,,,,,,,,,,,,O,,,,,,X,X,,,,1,58.078231292517
,,,,,,,,,,,,,,,,,,,,,,,,,,,,,,,O,,,,,O,X,X,,,,2,28.798185941043087
,,,,,,,,,,,,,,,,,,,,,,,,,,,,,,X,O,,,,,O,X,X,,,,2,42.181667357942764
,,,,,,,,,,,,,,,,,,,,,,,O,,,,,,,X,O,,,,,O,X,X,,,,4,42.40134340890008
,,,,,,,,,,,,,,,,,,,,,,,O,,,,,,,X,O,,,,,O,X,X,X,,,5,25.95248767368893
,,,,,,,,,,,,,,,,,,,,,,,O,,,,,,,X,O,,,,,O,X,X,X,O,,4,54.42015209125475
,,,,,,,,,,,,,,,,,,,,,,,O,,,,,,,X,O,X,,,,O,X,X,X,O,,4,19.513913349771045
,,,,,,,,,,,,,,,,,,,,,,,O,,O,,,,,X,O,X,,,,O,X,X,X,O,,4,66.38741315897016
,,,,,,,,,,,,,,,,,,X,,,,,O,,O,,,,,X,O,X,,,,O,X,X,X,O,,3,13.992642897566496
,,,,,,,,,,,,,,,,,,X,,,,,O,O,O,,,,,X,O,X,,,,O,X,X,X,O,,3,71.64746543778801
,,,,,,,,,,,,,,,,,X,X,,,,,O,O,O,,,,,X,O,X,,,,O,X,X,X,O,,3,17.840317381601785
,,,,,,,,,,O,,,,,,,X,X,,,,,O,O,O,,,,,X,O,X,,,,O,X,X,X,O,,2,72.60464355788096
,,,,,,,,,,O,,,,,,X,X,X,,,,,O,O,O,,,,,X,O,X,,,,O,X,X,X,O,,3,14.182692307692307
,,,O,,,,,,,O,,,,,,X,X,X,,,,,O,O,O,,,,,X,O,X,,,,O,X,X,X,O,,0,71.84584469642601
,,,O,,,,,,,O,,,,,,X,X,X,,,,,O,O,O,,,,,X,O,X,,,X,O,X,X,X,O,,4,16.957350139234943
,,,O,,,,,,,O,O,,,,,X,X,X,,,,,O,O,O,,,,,X,O,X,,,X,O,X,X,X,O,,2,75.68612774451098
,,,O,,,,,,X,O,O,,,,,X,X,X,,,,,O,O,O,,,,,X,O,X,,,X,O,X,X,X,O,,4,23.39009089745231
,,,O,O,,,,,X,O,O,,,,,X,X,X,,,,,O,O,O,,,,,X,O,X,,,X,O,X,X,X,O,,0,72.41413246727684
,,,O,O,,,,,X,O,O,,,,,X,X,X,,,,,O,O,O,,,X,,X,O,X,,,X,O,X,X,X,O,,0,14.532131804114327
,,,O,O,,,,,X,O,O,,,,,X,X,X,,,O,,O,O,O,,,X,,X,O,X,,,X,O,X,X,X,O,,0,88.55140186915888
,,,O,O,,,,,X,O,O,,,X,,X,X,X,,,O,,O,O,O,,,X,,X,O,X,,,X,O,X,X,X,O,,2,3.7098791162984575
,,O,O,O,,,,,X,O,O,,,X,,X,X,X,,,O,,O,O,O,,,X,,X,O,X,,,X,O,X,X,X,O,,0,98.08259587020649
,,O,O,O,,,X,,X,O,O,,,X,,X,X,X,,,O,,O,O,O,,,X,,X,O,X,,,X,O,X,X,X,O,,0,1.2248756627892639
O,,O,O,O,,,X,,X,O,O,,,X,,X,X,X,,,O,,O,O,O,,,X,,X,O,X,,,X,O,X,X,X,O,,6,99.57057430669823
O,,O,O,O,,,X,,X,O,O,,,X,,X,X,X,,,O,,O,O,O,,,X,,X,O,X,,,X,O,X,X,X,O,X,5,0.48990081516283185
O,,O,O,O,,,X,,X,O,O,,,X,,X,X,X,,,O,,O,O,O,,,X,,X,O,X,O,,X,O,X,X,X,O,X,5,99.875763536598
O,,O,O,O,,,X,,X,O,O,,,X,,X,X,X,,,O,,O,O,O,X,,X,,X,O,X,O,,X,O,X,X,X,O,X,5,0.16361256544502617
O,,O,O,O,,,X,,X,O,O,,,X,,X,X,X,O,,O,,O,O,O,X,,X,,X,O,X,O,,X,O,X,X,X,O,X,6,100.0
O,,O,O,O,,,X,,X,O,O,,,X,,X,X,X,O,,O,,O,O,O,X,,X,,X,O,X,O,X,X,O,X,X,X,O,X,6,0.0
,,,,,,,,,,,,,,,,,,,,,,,,,,,,,,,,,,,,,,,,,,3,19.828641370869033
,,,,,,,,,,,,,,,,,,,,,,,,,,,,,,,,,,,,,,X,,,,3,27.3015873015873
,,,,,,,,,,,,,,,,,,,,,,,,,,,,,,,O,,,,,,,X,,,,2,14.387391967463142
,,,,,,,,,,,,,,,,,,,,,,,,,,,,,,,O,,,,,,X,X,,,,1,59.34291581108829
,,,,,,,,,,,,,,,,,,,,,,,,,,,,,,,O,,,,,O,X,X,,,,2,25.974710221285562
,,,,,,,,,,,,,,,,,,,,,,,,,,,,,,X,O,,,,,O,X,X,,,,2,42.59373079287032
,,,,,,,,,,,,,,,,,,,,,,,O,,,,,,,X,O,,,,,O,X,X,,,,4,43.08476736775016
,,,,,,,,,,,,,,,,,,,,,,,O,,,,,,,X,O,,,,,O,X,X,X,,,5,31.659522351500307
,,,,,,,,,,,,,,,,,,,,,,,O,,,,,,,X,O,,,,,O,X,X,X,O,,4,52.75735294117647
,,,,,,,,,,,,,,,,,,,,,,,O,,,,,,,X,O,X,,,,O,X,X,X,O,,4,21.81162685894547
,,,,,,,,,,,,,,,,,,,,,,,O,,O,,,,,X,O,X,,,,O,X,X,X,O,,4,66.38548057259713
,,,,,,,,,,,,,,,,,,X,,,,,O,,O,,,,,X,O,X,,,,O,X,X,X,O,,3,13.268206039076377
,,,,,,,,,,,,,,,,,,X,,,,,O,O,O,,,,,X,O,X,,,,O,X,X,X,O,,3,71.9744356812619
,,,,,,,,,,,,,,,,,X,X,,,,,O,O,O,,,,,X,O,X,,,,O,X,X,X,O,,3,17.571644042232275
,,,,,,,,,,O,,,,,,,X,X,,,,,O,O,O,,,,,X,O,X,,,,O,X,X,X,O,,3,73.16109422492401
,,,X,,,,,,,O,,,,,,,X,X,,,,,O,O,O,,,,,X,O,X,,,,O,X,X,X,O,,2,9.97254363600706
,,,X,,,,,,,O,,,,,,O,X,X,,,,,O,O,O,,,,,X,O,X,,,,O,X,X,X,O,,2,80.51643192488262
,,,X,,,,,,X,O,,,,,,O,X,X,,,,,O,O,O,,,,,X,O,X,,,,O,X,X,X,O,,4,9.529347379942536
,,,X,,,,,,X,O,O,,,,,O,X,X,,,,,O,O,O,,,,,X,O,X,,,,O,X,X,X,O,,0,75.30624999999999
,,,X,,,,,,X,O,O,,,,,O,X,X,,,,,O,O,O,,,,,X,O,X,,,X,O,X,X,X,O,,1,9.741288278775079
,,,X,,,,,,X,O,O,,,,,O,X,X,,,,,O,O,O,,,,O,X,O,X,,,X,O,X,X,X,O,,1,81.56555163099938
,,,X,,,,,,X,O,O,,,,,O,X,X,,,,X,O,O,O,,,,O,X,O,X,,,X,O,X,X,X,O,,1,19.02407728885199
,,,X,,,,,,X,O,O,,,,O,O,X,X,,,,X,O,O,O,,,,O,X,O,X,,,X,O,X,X,X,O,,2,73.93632088833493
,,X,X,,,,,,X,O,O,,,,O,O,X,X,,,,X,O,O,O,,,,O,X,O,X,,,X,O,X,X,X,O,,1,25.504660781529726
,,X,X,,,,,O,X,O,O,,,,O,O,X,X,,,,X,O,O,O,,,,O,X,O,X,,,X,O,X,X,X,O,,0,81.50316207599435
,,X,X,,,,,O,X,O,O,,,,O,O,X,X,,,,X,O,O,O,,,X,O,X,O,X,,,X,O,X,X,X,O,,4,8.698917605478242
,,X,X,O,,,,O,X,O,O,,,,O,O,X,X,,,,X,O,O,O,,,X,O,X,O,X,,,X,O,X,X,X,O,,6,96.28590570303994
,,X,X,O,,,,O,X,O,O,,,,O,O,X,X,,,,X,O,O,O,,,X,O,X,O,X,,,X,O,X,X,X,O,X,1,1.7151039802128423
,O,X,X,O,,,,O,X,O,O,,,,O,O,X,X,,,,X,O,O,O,,,X,O,X,O,X,,,X,O,X,X,X,O,X,6,98.99083173933117
,O,X,X,O,,,,O,X,O,O,,,,O,O,X,X,,,,X,O,O,O,,,X,O,X,O,X,,X,X,O,X,X,X,O,X,5,0.8935372356008671
,O,X,X,O,,,,O,X,O,O,,,,O,O,X,X,,,,X,O,O,O,,,X,O,X,O,X,O,X,X,O,X,X,X,O,X,5,99.31527321142298
,O,X,X,O,,,,O,X,O,O,,,,O,O,X,X,,,,X,O,O,O,X,,X,O,X,O,X,O,X,X,O,X,X,X,O,X,5,0.7616799871265355
,O,X,X,O,,,,O,X,O,O,,,,O,O,X,X,O,,,X,O,O,O,X,,X,O,X,O,X,O,X,X,O,X,X,X,O,X,6,99.38061787144045
,O,X,X,O,,,,O,X,O,O,,,,O,O,X,X,O,,,X,O,O,O,X,X,X,O,X,O,X,O,X,X,O,X,X,X,O,X,6,0.42016806722689076
,O,X,X,O,,,,O,X,O,O,,,,O,O,X,X,O,O,,X,O,O,O,X,X,X,O,X,O,X,O,X,X,O,X,X,X,O,X,6,99.74582691790698
,O,X,X,O,,,,O,X,O,O,,X,,O,O,X,X,O,O,,X,O,O,O,X,X,X,O,X,O,X,O,X,X,O,X,X,X,O,X,6,0.3101916353408165
,O,X,X,O,,O,,O,X,O,O,,X,,O,O,X,X,O,O,,X,O,O,O,X,X,X,O,X,O,X,O,X,X,O,X,X,X,O,X,0,99.8786213945763
,O,X,X,O,,O,,O,X,O,O,,X,,O,O,X,X,O,O,X,X,O,O,O,X,X,X,O,X,O,X,O,X,X,O,X,X,X,O,X,0,0.05835764902042518
,O,X,X,O,,O,,O,X,O,O,,X,O,O,O,X,X,O,O,X,X,O,O,O,X,X,X,O,X,O,X,O,X,X,O,X,X,X,O,X,0,100.0
,O,X,X,O,,O,X,O,X,O,O,,X,O,O,O,X,X,O,O,X,X,O,O,O,X,X,X,O,X,O,X,O,X,X,O,X,X,X,O,X,0,0.0
,,,,,,,,,,,,,,,,,,,,,,,,,,,,,,,,,,,,,,,,,,3,17.829457364341085
,,,,,,,,,,,,,,,,,,,,,,,,,,,,,,,,,,,,,,X,,,,3,27.065217391304348
,,,,,,,,,,,,,,,,,,,,,,,,,,,,,,,O,,,,,,,X,,,,2,14.979195561719832
,,,,,,,,,,,,,,,,,,,,,,,,,,,,,,,O,,,,,,X,X,,,,1,58.196336308125886
,,,,,,,,,,,,,,,,,,,,,,,,,,,,,,,O,,,,,O,X,X,,,,2,27.769852591535898
,,,,,,,,,,,,,,,,,,,,,,,,,,,,,,X,O,,,,,O,X,X,,,,2,42.738589211618255
,,,,,,,,,,,,,,,,,,,,,,,O,,,,,,,X,O,,,,,O,X,X,,,,4,42.088438998401706
,,,,,,,,,,,,,,,,,,,,,,,O,,,,,,,X,O,,,,,O,X,X,X,,,5,28.863409770687937
,,,,,,,,,,,,,,,,,,,,,,,O,,,,,,,X,O,,,,,O,X,X,X,O,,4,51.80180180180181
,,,,,,,,,,,,,,,,,,,,,,,O,,,,,,,X,O,X,,,,O,X,X,X,O,,4,19.533762057877812
,,,,,,,,,,,,,,,,,,,,,,,O,,O,,,,,X,O,X,,,,O,X,X,X,O,,4,68.28249818445897
,,,,,,,,,,,,,,,,,,X,,,,,O,,O,,,,,X,O,X,,,,O,X,X,X,O,,3,14.67236467236467
,,,,,,,,,,,,,,,,,,X,,,,,O,O,O,,,,,X,O,X,,,,O,X,X,X,O,,3,75.32164833115793
,,,,,,,,,,,,,,,,,X,X,,,,,O,O,O,,,,,X,O,X,,,,O,X,X,X,O,,3,18.637110016420362
,,,,,,,,,,O,,,,,,,X,X,,,,,O,O,O,,,,,X,O,X,,,,O,X,X,X,O,,2,73.32748853520367
,,,,,,,,,,O,,,,,,X,X,X,,,,,O,O,O,,,,,X,O,X,,,,O,X,X,X,O,,3,12.958762886597938
,,,O,,,,,,,O,,,,,,X,X,X,,,,,O,O,O,,,,,X,O,X,,,,O,X,X,X,O,,6,70.8793738489871
,,,O,,,,,,,O,,,,,,X,X,X,,,,,O,O,O,,,,,X,O,X,,,,O,X,X,X,O,X,4,16.463414634146343
,,,O,,,,,,,O,O,,,,,X,X,X,,,,,O,O,O,,,,,X,O,X,,,,O,X,X,X,O,X,2,82.95493439817456
,,,O,,,,,,X,O,O,,,,,X,X,X,,,,,O,O,O,,,,,X,O,X,,,,O,X,X,X,O,X,5,8.674183194798783
,,,O,,,,,,X,O,O,,,,,X,X,X,,,,,O,O,O,,,,,X,O,X,O,,,O,X,X,X,O,X,5,89.44233299225259
,,,O,,,,,,X,O,O,,,,,X,X,X,,,,,O,O,O,X,,,,X,O,X,O,,,O,X,X,X,O,X,5,8.873519804001633
,,,O,,,,,,X,O,O,,,,,X,X,X,O,,,,O,O,O,X,,,,X,O,X,O,,,O,X,X,X,O,X,0,85.04738082639858
,,,O,,,,,,X,O,O,,,,,X,X,X,O,,,,O,O,O,X,,,,X,O,X,O,,X,O,X,X,X,O,X,2,6.4112114722041165
,,O,O,,,,,,X,O,O,,,,,X,X,X,O,,,,O,O,O,X,,,,X,O,X,O,,X,O,X,X,X,O,X,4,94.98542982030112
,,O,O,X,,,,,X,O,O,,,,,X,X,X,O,,,,O,O,O,X,,,,X,O,X,O,,X,O,X,X,X,O,X,5,1.983426164923244
,,O,O,X,,,,,X,O,O,O,,,,X,X,X,O,,,,O,O,O,X,,,,X,O,X,O,,X,O,X,X,X,O,X,0,98.40071079520213
,,O,O,X,,,,,X,O,O,O,,,,X,X,X,O,,,,O,O,O,X,,X,,X,O,X,O,,X,O,X,X,X,O,X,5,1.0601498943052976
,,O,O,X,O,,,,X,O,O,O,,,,X,X,X,O,,,,O,O,O,X,,X,,X,O,X,O,,X,O,X,X,X,O,X,0,99.61567396068426
,,O,O,X,O,,,,X,O,O,O,,,,X,X,X,O,,X,,O,O,O,X,,X,,X,O,X,O,,X,O,X,X,X,O,X,0,0.32502131287297525
,,O,O,X,O,,,,X,O,O,O,,O,,X,X,X,O,,X,,O,O,O,X,,X,,X,O,X,O,,X,O,X,X,X,O,X,0,99.70521607806691
,,O,O,X,O,,X,,X,O,O,O,,O,,X,X,X,O,,X,,O,O,O,X,,X,,X,O,X,O,,X,O,X,X,X,O,X,0,0.19233592717662604
O,,O,O,X,O,,X,,X,O,O,O,,O,,X,X,X,O,,X,,O,O,O,X,,X,,X,O,X,O,,X,O,X,X,X,O,X,6,100.0
O,,O,O,X,O,,X,,X,O,O,O,,O,,X,X,X,O,,X,,O,O,O,X,,X,,X,O,X,O,X,X,O,X,X,X,O,X,6,0.0
